WARNING: This is a development server. Do not use it in a production deployment. Use a production WSGI server instead.
 * Running on http://127.0.0.1:5000
Press CTRL+C to quit
127.0.0.1 - - [24/Aug/2026 18:57:56] "GET /api/trend?aid=117134831126411 HTTP/1.1" 200 -
[2026-08-24 18:57:56,960] ERROR in app: Exception on /api/realtime [GET]
Traceback (most recent call last):
  File "C:\Users\PC\AppData\Roaming\Python\Python314\site-packages\flask\app.py", line 1455, in wsgi_app
    response = self.full_dispatch_request()
  File "C:\Users\PC\AppData\Roaming\Python\Python314\site-packages\flask\app.py", line 869, in full_dispatch_request
    rv = self.handle_user_exception(e)
  File "C:\Users\PC\AppData\Roaming\Python\Python314\site-packages\flask\app.py", line 867, in full_dispatch_request
    rv = self.dispatch_request()
  File "C:\Users\PC\AppData\Roaming\Python\Python314\site-packages\flask\app.py", line 852, in dispatch_request
    return self.ensure_sync(self.view_functions[rule.endpoint])(**view_args)
           ~~~~~~~~~~~~~~~~~~~~~~~~~~~~~~~~~~~~~~~~~~~~~~~~~~~~^^^^^^^^^^^^^
  File "E:\test_claude\fanren_monitor\app.py", line 102, in get_realtime
    count = int(result.get("data", {}).get("total", 0))
ValueError: invalid literal for int() with base 10: '1000+'
127.0.0.1 - - [24/Aug/2026 18:57:56] "GET /api/realtime?aid=478818261&cid=246496940 HTTP/1.1" 500 -
[2026-08-24 18:57:57,490] ERROR in app: Exception on /api/realtime [GET]
Traceback (most recent call last):
  File "C:\Users\PC\AppData\Roaming\Python\Python314\site-packages\flask\app.py", line 1455, in wsgi_app
    response = self.full_dispatch_request()
  File "C:\Users\PC\AppData\Roaming\Python\Python314\site-packages\flask\app.py", line 869, in full_dispatch_request
    rv = self.handle_user_exception(e)
  File "C:\Users\PC\AppData\Roaming\Python\Python314\site-packages\flask\app.py", line 867, in full_dispatch_request
    rv = self.dispatch_request()
  File "C:\Users\PC\AppData\Roaming\Python\Python314\site-packages\flask\app.py", line 852, in dispatch_request
    return self.ensure_sync(self.view_functions[rule.endpoint])(**view_args)
           ~~~~~~~~~~~~~~~~~~~~~~~~~~~~~~~~~~~~~~~~~~~~~~~~~~~~^^^^^^^^^^^^^
  File "E:\test_claude\fanren_monitor\app.py", line 102, in get_realtime
    count = int(result.get("data", {}).get("total", 0))
ValueError: invalid literal for int() with base 10: '2000+'
127.0.0.1 - - [24/Aug/2026 18:57:57] "GET /api/realtime?aid=117134831126411&cid=41140749603 HTTP/1.1" 500 -
127.0.0.1 - - [24/Aug/2026 18:58:26] "GET /api/trend?aid=117134831126411 HTTP/1.1" 200 -
[2026-08-24 18:58:27,076] ERROR in app: Exception on /api/realtime [GET]
Traceback (most recent call last):
  File "C:\Users\PC\AppData\Roaming\Python\Python314\site-packages\flask\app.py", line 1455, in wsgi_app
    response = self.full_dispatch_request()
  File "C:\Users\PC\AppData\Roaming\Python\Python314\site-packages\flask\app.py", line 869, in full_dispatch_request
    rv = self.handle_user_exception(e)
  File "C:\Users\PC\AppData\Roaming\Python\Python314\site-packages\flask\app.py", line 867, in full_dispatch_request
    rv = self.dispatch_request()
  File "C:\Users\PC\AppData\Roaming\Python\Python314\site-packages\flask\app.py", line 852, in dispatch_request
    return self.ensure_sync(self.view_functions[rule.endpoint])(**view_args)
           ~~~~~~~~~~~~~~~~~~~~~~~~~~~~~~~~~~~~~~~~~~~~~~~~~~~~^^^^^^^^^^^^^
  File "E:\test_claude\fanren_monitor\app.py", line 102, in get_realtime
    count = int(result.get("data", {}).get("total", 0))
ValueError: invalid literal for int() with base 10: '2000+'
127.0.0.1 - - [24/Aug/2026 18:58:27] "GET /api/realtime?aid=117134831126411&cid=41140749603 HTTP/1.1" 500 -
127.0.0.1 - - [24/Aug/2026 18:58:56] "GET /api/trend?aid=117134831126411 HTTP/1.1" 200 -
[2026-08-24 18:58:56,998] ERROR in app: Exception on /api/realtime [GET]
Traceback (most recent call last):
  File "C:\Users\PC\AppData\Roaming\Python\Python314\site-packages\flask\app.py", line 1455, in wsgi_app
    response = self.full_dispatch_request()
  File "C:\Users\PC\AppData\Roaming\Python\Python314\site-packages\flask\app.py", line 869, in full_dispatch_request
    rv = self.handle_user_exception(e)
  File "C:\Users\PC\AppData\Roaming\Python\Python314\site-packages\flask\app.py", line 867, in full_dispatch_request
    rv = self.dispatch_request()
  File "C:\Users\PC\AppData\Roaming\Python\Python314\site-packages\flask\app.py", line 852, in dispatch_request
    return self.ensure_sync(self.view_functions[rule.endpoint])(**view_args)
           ~~~~~~~~~~~~~~~~~~~~~~~~~~~~~~~~~~~~~~~~~~~~~~~~~~~~^^^^^^^^^^^^^
  File "E:\test_claude\fanren_monitor\app.py", line 102, in get_realtime
    count = int(result.get("data", {}).get("total", 0))
ValueError: invalid literal for int() with base 10: '2000+'
127.0.0.1 - - [24/Aug/2026 18:58:57] "GET /api/realtime?aid=117134831126411&cid=41140749603 HTTP/1.1" 500 -
127.0.0.1 - - [24/Aug/2026 18:59:26] "GET /api/trend?aid=117134831126411 HTTP/1.1" 200 -
[2026-08-24 18:59:26,996] ERROR in app: Exception on /api/realtime [GET]
Traceback (most recent call last):
  File "C:\Users\PC\AppData\Roaming\Python\Python314\site-packages\flask\app.py", line 1455, in wsgi_app
    response = self.full_dispatch_request()
  File "C:\Users\PC\AppData\Roaming\Python\Python314\site-packages\flask\app.py", line 869, in full_dispatch_request
    rv = self.handle_user_exception(e)
  File "C:\Users\PC\AppData\Roaming\Python\Python314\site-packages\flask\app.py", line 867, in full_dispatch_request
    rv = self.dispatch_request()
  File "C:\Users\PC\AppData\Roaming\Python\Python314\site-packages\flask\app.py", line 852, in dispatch_request
    return self.ensure_sync(self.view_functions[rule.endpoint])(**view_args)
           ~~~~~~~~~~~~~~~~~~~~~~~~~~~~~~~~~~~~~~~~~~~~~~~~~~~~^^^^^^^^^^^^^
  File "E:\test_claude\fanren_monitor\app.py", line 102, in get_realtime
    count = int(result.get("data", {}).get("total", 0))
ValueError: invalid literal for int() with base 10: '2000+'
127.0.0.1 - - [24/Aug/2026 18:59:27] "GET /api/realtime?aid=117134831126411&cid=41140749603 HTTP/1.1" 500 -
127.0.0.1 - - [24/Aug/2026 18:59:56] "GET /api/trend?aid=117134831126411 HTTP/1.1" 200 -
[2026-08-24 18:59:57,004] ERROR in app: Exception on /api/realtime [GET]
Traceback (most recent call last):
  File "C:\Users\PC\AppData\Roaming\Python\Python314\site-packages\flask\app.py", line 1455, in wsgi_app
    response = self.full_dispatch_request()
  File "C:\Users\PC\AppData\Roaming\Python\Python314\site-packages\flask\app.py", line 869, in full_dispatch_request
    rv = self.handle_user_exception(e)
  File "C:\Users\PC\AppData\Roaming\Python\Python314\site-packages\flask\app.py", line 867, in full_dispatch_request
    rv = self.dispatch_request()
  File "C:\Users\PC\AppData\Roaming\Python\Python314\site-packages\flask\app.py", line 852, in dispatch_request
    return self.ensure_sync(self.view_functions[rule.endpoint])(**view_args)
           ~~~~~~~~~~~~~~~~~~~~~~~~~~~~~~~~~~~~~~~~~~~~~~~~~~~~^^^^^^^^^^^^^
  File "E:\test_claude\fanren_monitor\app.py", line 102, in get_realtime
    count = int(result.get("data", {}).get("total", 0))
ValueError: invalid literal for int() with base 10: '2000+'
127.0.0.1 - - [24/Aug/2026 18:59:57] "GET /api/realtime?aid=117134831126411&cid=41140749603 HTTP/1.1" 500 -
127.0.0.1 - - [24/Aug/2026 19:00:26] "GET /api/trend?aid=117134831126411 HTTP/1.1" 200 -
[2026-08-24 19:00:27,018] ERROR in app: Exception on /api/realtime [GET]
Traceback (most recent call last):
  File "C:\Users\PC\AppData\Roaming\Python\Python314\site-packages\flask\app.py", line 1455, in wsgi_app
    response = self.full_dispatch_request()
  File "C:\Users\PC\AppData\Roaming\Python\Python314\site-packages\flask\app.py", line 869, in full_dispatch_request
    rv = self.handle_user_exception(e)
  File "C:\Users\PC\AppData\Roaming\Python\Python314\site-packages\flask\app.py", line 867, in full_dispatch_request
    rv = self.dispatch_request()
  File "C:\Users\PC\AppData\Roaming\Python\Python314\site-packages\flask\app.py", line 852, in dispatch_request
    return self.ensure_sync(self.view_functions[rule.endpoint])(**view_args)
           ~~~~~~~~~~~~~~~~~~~~~~~~~~~~~~~~~~~~~~~~~~~~~~~~~~~~^^^^^^^^^^^^^
  File "E:\test_claude\fanren_monitor\app.py", line 102, in get_realtime
    count = int(result.get("data", {}).get("total", 0))
ValueError: invalid literal for int() with base 10: '2000+'
127.0.0.1 - - [24/Aug/2026 19:00:27] "GET /api/realtime?aid=117134831126411&cid=41140749603 HTTP/1.1" 500 -
127.0.0.1 - - [24/Aug/2026 19:00:56] "GET /api/trend?aid=117134831126411 HTTP/1.1" 200 -
[2026-08-24 19:00:57,012] ERROR in app: Exception on /api/realtime [GET]
Traceback (most recent call last):
  File "C:\Users\PC\AppData\Roaming\Python\Python314\site-packages\flask\app.py", line 1455, in wsgi_app
    response = self.full_dispatch_request()
  File "C:\Users\PC\AppData\Roaming\Python\Python314\site-packages\flask\app.py", line 869, in full_dispatch_request
    rv = self.handle_user_exception(e)
  File "C:\Users\PC\AppData\Roaming\Python\Python314\site-packages\flask\app.py", line 867, in full_dispatch_request
    rv = self.dispatch_request()
  File "C:\Users\PC\AppData\Roaming\Python\Python314\site-packages\flask\app.py", line 852, in dispatch_request
    return self.ensure_sync(self.view_functions[rule.endpoint])(**view_args)
           ~~~~~~~~~~~~~~~~~~~~~~~~~~~~~~~~~~~~~~~~~~~~~~~~~~~~^^^^^^^^^^^^^
  File "E:\test_claude\fanren_monitor\app.py", line 102, in get_realtime
    count = int(result.get("data", {}).get("total", 0))
ValueError: invalid literal for int() with base 10: '2000+'
127.0.0.1 - - [24/Aug/2026 19:00:57] "GET /api/realtime?aid=117134831126411&cid=41140749603 HTTP/1.1" 500 -
127.0.0.1 - - [24/Aug/2026 19:01:26] "GET /api/trend?aid=117134831126411 HTTP/1.1" 200 -
[2026-08-24 19:01:27,017] ERROR in app: Exception on /api/realtime [GET]
Traceback (most recent call last):
  File "C:\Users\PC\AppData\Roaming\Python\Python314\site-packages\flask\app.py", line 1455, in wsgi_app
    response = self.full_dispatch_request()
  File "C:\Users\PC\AppData\Roaming\Python\Python314\site-packages\flask\app.py", line 869, in full_dispatch_request
    rv = self.handle_user_exception(e)
  File "C:\Users\PC\AppData\Roaming\Python\Python314\site-packages\flask\app.py", line 867, in full_dispatch_request
    rv = self.dispatch_request()
  File "C:\Users\PC\AppData\Roaming\Python\Python314\site-packages\flask\app.py", line 852, in dispatch_request
    return self.ensure_sync(self.view_functions[rule.endpoint])(**view_args)
           ~~~~~~~~~~~~~~~~~~~~~~~~~~~~~~~~~~~~~~~~~~~~~~~~~~~~^^^^^^^^^^^^^
  File "E:\test_claude\fanren_monitor\app.py", line 102, in get_realtime
    count = int(result.get("data", {}).get("total", 0))
ValueError: invalid literal for int() with base 10: '2000+'
127.0.0.1 - - [24/Aug/2026 19:01:27] "GET /api/realtime?aid=117134831126411&cid=41140749603 HTTP/1.1" 500 -
127.0.0.1 - - [24/Aug/2026 19:01:56] "GET /api/trend?aid=117134831126411 HTTP/1.1" 200 -
[2026-08-24 19:01:57,026] ERROR in app: Exception on /api/realtime [GET]
Traceback (most recent call last):
  File "C:\Users\PC\AppData\Roaming\Python\Python314\site-packages\flask\app.py", line 1455, in wsgi_app
    response = self.full_dispatch_request()
  File "C:\Users\PC\AppData\Roaming\Python\Python314\site-packages\flask\app.py", line 869, in full_dispatch_request
    rv = self.handle_user_exception(e)
  File "C:\Users\PC\AppData\Roaming\Python\Python314\site-packages\flask\app.py", line 867, in full_dispatch_request
    rv = self.dispatch_request()
  File "C:\Users\PC\AppData\Roaming\Python\Python314\site-packages\flask\app.py", line 852, in dispatch_request
    return self.ensure_sync(self.view_functions[rule.endpoint])(**view_args)
           ~~~~~~~~~~~~~~~~~~~~~~~~~~~~~~~~~~~~~~~~~~~~~~~~~~~~^^^^^^^^^^^^^
  File "E:\test_claude\fanren_monitor\app.py", line 102, in get_realtime
    count = int(result.get("data", {}).get("total", 0))
ValueError: invalid literal for int() with base 10: '2000+'
127.0.0.1 - - [24/Aug/2026 19:01:57] "GET /api/realtime?aid=117134831126411&cid=41140749603 HTTP/1.1" 500 -
127.0.0.1 - - [24/Aug/2026 19:02:26] "GET /api/trend?aid=117134831126411 HTTP/1.1" 200 -
[2026-08-24 19:02:27,000] ERROR in app: Exception on /api/realtime [GET]
Traceback (most recent call last):
  File "C:\Users\PC\AppData\Roaming\Python\Python314\site-packages\flask\app.py", line 1455, in wsgi_app
    response = self.full_dispatch_request()
  File "C:\Users\PC\AppData\Roaming\Python\Python314\site-packages\flask\app.py", line 869, in full_dispatch_request
    rv = self.handle_user_exception(e)
  File "C:\Users\PC\AppData\Roaming\Python\Python314\site-packages\flask\app.py", line 867, in full_dispatch_request
    rv = self.dispatch_request()
  File "C:\Users\PC\AppData\Roaming\Python\Python314\site-packages\flask\app.py", line 852, in dispatch_request
    return self.ensure_sync(self.view_functions[rule.endpoint])(**view_args)
           ~~~~~~~~~~~~~~~~~~~~~~~~~~~~~~~~~~~~~~~~~~~~~~~~~~~~^^^^^^^^^^^^^
  File "E:\test_claude\fanren_monitor\app.py", line 102, in get_realtime
    count = int(result.get("data", {}).get("total", 0))
ValueError: invalid literal for int() with base 10: '2000+'
127.0.0.1 - - [24/Aug/2026 19:02:27] "GET /api/realtime?aid=117134831126411&cid=41140749603 HTTP/1.1" 500 -
127.0.0.1 - - [25/Aug/2026 00:25:55] "GET /api/trend?aid=117134831126411 HTTP/1.1" 200 -
[2026-08-25 00:25:58,389] ERROR in app: Exception on /api/realtime [GET]
Traceback (most recent call last):
  File "C:\Users\PC\AppData\Roaming\Python\Python314\site-packages\flask\app.py", line 1455, in wsgi_app
    response = self.full_dispatch_request()
  File "C:\Users\PC\AppData\Roaming\Python\Python314\site-packages\flask\app.py", line 869, in full_dispatch_request
    rv = self.handle_user_exception(e)
  File "C:\Users\PC\AppData\Roaming\Python\Python314\site-packages\flask\app.py", line 867, in full_dispatch_request
    rv = self.dispatch_request()
  File "C:\Users\PC\AppData\Roaming\Python\Python314\site-packages\flask\app.py", line 852, in dispatch_request
    return self.ensure_sync(self.view_functions[rule.endpoint])(**view_args)
           ~~~~~~~~~~~~~~~~~~~~~~~~~~~~~~~~~~~~~~~~~~~~~~~~~~~~^^^^^^^^^^^^^
  File "E:\test_claude\fanren_monitor\app.py", line 102, in get_realtime
    count = int(result.get("data", {}).get("total", 0))
ValueError: invalid literal for int() with base 10: '2000+'
127.0.0.1 - - [25/Aug/2026 00:25:58] "GET /api/realtime?aid=117134831126411&cid=41140749603 HTTP/1.1" 500 -
127.0.0.1 - - [25/Aug/2026 08:36:52] "GET /api/trend?aid=117134831126411 HTTP/1.1" 200 -
[2026-08-25 08:36:53,647] ERROR in app: Exception on /api/realtime [GET]
Traceback (most recent call last):
  File "C:\Users\PC\AppData\Roaming\Python\Python314\site-packages\flask\app.py", line 1455, in wsgi_app
    response = self.full_dispatch_request()
  File "C:\Users\PC\AppData\Roaming\Python\Python314\site-packages\flask\app.py", line 869, in full_dispatch_request
    rv = self.handle_user_exception(e)
  File "C:\Users\PC\AppData\Roaming\Python\Python314\site-packages\flask\app.py", line 867, in full_dispatch_request
    rv = self.dispatch_request()
  File "C:\Users\PC\AppData\Roaming\Python\Python314\site-packages\flask\app.py", line 852, in dispatch_request
    return self.ensure_sync(self.view_functions[rule.endpoint])(**view_args)
           ~~~~~~~~~~~~~~~~~~~~~~~~~~~~~~~~~~~~~~~~~~~~~~~~~~~~^^^^^^^^^^^^^
  File "E:\test_claude\fanren_monitor\app.py", line 102, in get_realtime
    count = int(result.get("data", {}).get("total", 0))
ValueError: invalid literal for int() with base 10: '1000+'
127.0.0.1 - - [25/Aug/2026 08:36:53] "GET /api/realtime?aid=117134831126411&cid=41140749603 HTTP/1.1" 500 -
127.0.0.1 - - [25/Aug/2026 08:37:22] "GET /api/trend?aid=117134831126411 HTTP/1.1" 200 -
[2026-08-25 08:37:22,517] ERROR in app: Exception on /api/realtime [GET]
Traceback (most recent call last):
  File "C:\Users\PC\AppData\Roaming\Python\Python314\site-packages\flask\app.py", line 1455, in wsgi_app
    response = self.full_dispatch_request()
  File "C:\Users\PC\AppData\Roaming\Python\Python314\site-packages\flask\app.py", line 869, in full_dispatch_request
    rv = self.handle_user_exception(e)
  File "C:\Users\PC\AppData\Roaming\Python\Python314\site-packages\flask\app.py", line 867, in full_dispatch_request
    rv = self.dispatch_request()
  File "C:\Users\PC\AppData\Roaming\Python\Python314\site-packages\flask\app.py", line 852, in dispatch_request
    return self.ensure_sync(self.view_functions[rule.endpoint])(**view_args)
           ~~~~~~~~~~~~~~~~~~~~~~~~~~~~~~~~~~~~~~~~~~~~~~~~~~~~^^^^^^^^^^^^^
  File "E:\test_claude\fanren_monitor\app.py", line 102, in get_realtime
    count = int(result.get("data", {}).get("total", 0))
ValueError: invalid literal for int() with base 10: '1000+'
127.0.0.1 - - [25/Aug/2026 08:37:22] "GET /api/realtime?aid=117134831126411&cid=41140749603 HTTP/1.1" 500 -
127.0.0.1 - - [25/Aug/2026 08:37:46] "GET /api/trend?aid=117134831126411 HTTP/1.1" 200 -
[2026-08-25 08:37:46,791] ERROR in app: Exception on /api/realtime [GET]
Traceback (most recent call last):
  File "C:\Users\PC\AppData\Roaming\Python\Python314\site-packages\flask\app.py", line 1455, in wsgi_app
    response = self.full_dispatch_request()
  File "C:\Users\PC\AppData\Roaming\Python\Python314\site-packages\flask\app.py", line 869, in full_dispatch_request
    rv = self.handle_user_exception(e)
  File "C:\Users\PC\AppData\Roaming\Python\Python314\site-packages\flask\app.py", line 867, in full_dispatch_request
    rv = self.dispatch_request()
  File "C:\Users\PC\AppData\Roaming\Python\Python314\site-packages\flask\app.py", line 852, in dispatch_request
    return self.ensure_sync(self.view_functions[rule.endpoint])(**view_args)
           ~~~~~~~~~~~~~~~~~~~~~~~~~~~~~~~~~~~~~~~~~~~~~~~~~~~~^^^^^^^^^^^^^
  File "E:\test_claude\fanren_monitor\app.py", line 102, in get_realtime
    count = int(result.get("data", {}).get("total", 0))
ValueError: invalid literal for int() with base 10: '1000+'
127.0.0.1 - - [25/Aug/2026 08:37:46] "GET /api/realtime?aid=117134831126411&cid=41140749603 HTTP/1.1" 500 -
127.0.0.1 - - [25/Aug/2026 08:38:16] "GET /api/trend?aid=117134831126411 HTTP/1.1" 200 -
[2026-08-25 08:38:16,782] ERROR in app: Exception on /api/realtime [GET]
Traceback (most recent call last):
  File "C:\Users\PC\AppData\Roaming\Python\Python314\site-packages\flask\app.py", line 1455, in wsgi_app
    response = self.full_dispatch_request()
  File "C:\Users\PC\AppData\Roaming\Python\Python314\site-packages\flask\app.py", line 869, in full_dispatch_request
    rv = self.handle_user_exception(e)
  File "C:\Users\PC\AppData\Roaming\Python\Python314\site-packages\flask\app.py", line 867, in full_dispatch_request
    rv = self.dispatch_request()
  File "C:\Users\PC\AppData\Roaming\Python\Python314\site-packages\flask\app.py", line 852, in dispatch_request
    return self.ensure_sync(self.view_functions[rule.endpoint])(**view_args)
           ~~~~~~~~~~~~~~~~~~~~~~~~~~~~~~~~~~~~~~~~~~~~~~~~~~~~^^^^^^^^^^^^^
  File "E:\test_claude\fanren_monitor\app.py", line 102, in get_realtime
    count = int(result.get("data", {}).get("total", 0))
ValueError: invalid literal for int() with base 10: '1000+'
127.0.0.1 - - [25/Aug/2026 08:38:16] "GET /api/realtime?aid=117134831126411&cid=41140749603 HTTP/1.1" 500 -
127.0.0.1 - - [25/Aug/2026 08:38:46] "GET /api/trend?aid=117134831126411 HTTP/1.1" 200 -
[2026-08-25 08:38:46,788] ERROR in app: Exception on /api/realtime [GET]
Traceback (most recent call last):
  File "C:\Users\PC\AppData\Roaming\Python\Python314\site-packages\flask\app.py", line 1455, in wsgi_app
    response = self.full_dispatch_request()
  File "C:\Users\PC\AppData\Roaming\Python\Python314\site-packages\flask\app.py", line 869, in full_dispatch_request
    rv = self.handle_user_exception(e)
  File "C:\Users\PC\AppData\Roaming\Python\Python314\site-packages\flask\app.py", line 867, in full_dispatch_request
    rv = self.dispatch_request()
  File "C:\Users\PC\AppData\Roaming\Python\Python314\site-packages\flask\app.py", line 852, in dispatch_request
    return self.ensure_sync(self.view_functions[rule.endpoint])(**view_args)
           ~~~~~~~~~~~~~~~~~~~~~~~~~~~~~~~~~~~~~~~~~~~~~~~~~~~~^^^^^^^^^^^^^
  File "E:\test_claude\fanren_monitor\app.py", line 102, in get_realtime
    count = int(result.get("data", {}).get("total", 0))
ValueError: invalid literal for int() with base 10: '1000+'
127.0.0.1 - - [25/Aug/2026 08:38:46] "GET /api/realtime?aid=117134831126411&cid=41140749603 HTTP/1.1" 500 -
127.0.0.1 - - [25/Aug/2026 08:39:16] "GET /api/trend?aid=117134831126411 HTTP/1.1" 200 -
[2026-08-25 08:39:16,811] ERROR in app: Exception on /api/realtime [GET]
Traceback (most recent call last):
  File "C:\Users\PC\AppData\Roaming\Python\Python314\site-packages\flask\app.py", line 1455, in wsgi_app
    response = self.full_dispatch_request()
  File "C:\Users\PC\AppData\Roaming\Python\Python314\site-packages\flask\app.py", line 869, in full_dispatch_request
    rv = self.handle_user_exception(e)
  File "C:\Users\PC\AppData\Roaming\Python\Python314\site-packages\flask\app.py", line 867, in full_dispatch_request
    rv = self.dispatch_request()
  File "C:\Users\PC\AppData\Roaming\Python\Python314\site-packages\flask\app.py", line 852, in dispatch_request
    return self.ensure_sync(self.view_functions[rule.endpoint])(**view_args)
           ~~~~~~~~~~~~~~~~~~~~~~~~~~~~~~~~~~~~~~~~~~~~~~~~~~~~^^^^^^^^^^^^^
  File "E:\test_claude\fanren_monitor\app.py", line 102, in get_realtime
    count = int(result.get("data", {}).get("total", 0))
ValueError: invalid literal for int() with base 10: '1000+'
127.0.0.1 - - [25/Aug/2026 08:39:16] "GET /api/realtime?aid=117134831126411&cid=41140749603 HTTP/1.1" 500 -
127.0.0.1 - - [25/Aug/2026 08:39:46] "GET /api/trend?aid=117134831126411 HTTP/1.1" 200 -
[2026-08-25 08:39:46,792] ERROR in app: Exception on /api/realtime [GET]
Traceback (most recent call last):
  File "C:\Users\PC\AppData\Roaming\Python\Python314\site-packages\flask\app.py", line 1455, in wsgi_app
    response = self.full_dispatch_request()
  File "C:\Users\PC\AppData\Roaming\Python\Python314\site-packages\flask\app.py", line 869, in full_dispatch_request
    rv = self.handle_user_exception(e)
  File "C:\Users\PC\AppData\Roaming\Python\Python314\site-packages\flask\app.py", line 867, in full_dispatch_request
    rv = self.dispatch_request()
  File "C:\Users\PC\AppData\Roaming\Python\Python314\site-packages\flask\app.py", line 852, in dispatch_request
    return self.ensure_sync(self.view_functions[rule.endpoint])(**view_args)
           ~~~~~~~~~~~~~~~~~~~~~~~~~~~~~~~~~~~~~~~~~~~~~~~~~~~~^^^^^^^^^^^^^
  File "E:\test_claude\fanren_monitor\app.py", line 102, in get_realtime
    count = int(result.get("data", {}).get("total", 0))
ValueError: invalid literal for int() with base 10: '1000+'
127.0.0.1 - - [25/Aug/2026 08:39:46] "GET /api/realtime?aid=117134831126411&cid=41140749603 HTTP/1.1" 500 -
127.0.0.1 - - [25/Aug/2026 08:40:16] "GET /api/trend?aid=117134831126411 HTTP/1.1" 200 -
[2026-08-25 08:40:16,785] ERROR in app: Exception on /api/realtime [GET]
Traceback (most recent call last):
  File "C:\Users\PC\AppData\Roaming\Python\Python314\site-packages\flask\app.py", line 1455, in wsgi_app
    response = self.full_dispatch_request()
  File "C:\Users\PC\AppData\Roaming\Python\Python314\site-packages\flask\app.py", line 869, in full_dispatch_request
    rv = self.handle_user_exception(e)
  File "C:\Users\PC\AppData\Roaming\Python\Python314\site-packages\flask\app.py", line 867, in full_dispatch_request
    rv = self.dispatch_request()
  File "C:\Users\PC\AppData\Roaming\Python\Python314\site-packages\flask\app.py", line 852, in dispatch_request
    return self.ensure_sync(self.view_functions[rule.endpoint])(**view_args)
           ~~~~~~~~~~~~~~~~~~~~~~~~~~~~~~~~~~~~~~~~~~~~~~~~~~~~^^^^^^^^^^^^^
  File "E:\test_claude\fanren_monitor\app.py", line 102, in get_realtime
    count = int(result.get("data", {}).get("total", 0))
ValueError: invalid literal for int() with base 10: '1000+'
127.0.0.1 - - [25/Aug/2026 08:40:16] "GET /api/realtime?aid=117134831126411&cid=41140749603 HTTP/1.1" 500 -
127.0.0.1 - - [25/Aug/2026 08:40:46] "GET /api/trend?aid=117134831126411 HTTP/1.1" 200 -
[2026-08-25 08:40:46,796] ERROR in app: Exception on /api/realtime [GET]
Traceback (most recent call last):
  File "C:\Users\PC\AppData\Roaming\Python\Python314\site-packages\flask\app.py", line 1455, in wsgi_app
    response = self.full_dispatch_request()
  File "C:\Users\PC\AppData\Roaming\Python\Python314\site-packages\flask\app.py", line 869, in full_dispatch_request
    rv = self.handle_user_exception(e)
  File "C:\Users\PC\AppData\Roaming\Python\Python314\site-packages\flask\app.py", line 867, in full_dispatch_request
    rv = self.dispatch_request()
  File "C:\Users\PC\AppData\Roaming\Python\Python314\site-packages\flask\app.py", line 852, in dispatch_request
    return self.ensure_sync(self.view_functions[rule.endpoint])(**view_args)
           ~~~~~~~~~~~~~~~~~~~~~~~~~~~~~~~~~~~~~~~~~~~~~~~~~~~~^^^^^^^^^^^^^
  File "E:\test_claude\fanren_monitor\app.py", line 102, in get_realtime
    count = int(result.get("data", {}).get("total", 0))
ValueError: invalid literal for int() with base 10: '1000+'
127.0.0.1 - - [25/Aug/2026 08:40:46] "GET /api/realtime?aid=117134831126411&cid=41140749603 HTTP/1.1" 500 -
127.0.0.1 - - [25/Aug/2026 08:41:16] "GET /api/trend?aid=117134831126411 HTTP/1.1" 200 -
[2026-08-25 08:41:16,792] ERROR in app: Exception on /api/realtime [GET]
Traceback (most recent call last):
  File "C:\Users\PC\AppData\Roaming\Python\Python314\site-packages\flask\app.py", line 1455, in wsgi_app
    response = self.full_dispatch_request()
  File "C:\Users\PC\AppData\Roaming\Python\Python314\site-packages\flask\app.py", line 869, in full_dispatch_request
    rv = self.handle_user_exception(e)
  File "C:\Users\PC\AppData\Roaming\Python\Python314\site-packages\flask\app.py", line 867, in full_dispatch_request
    rv = self.dispatch_request()
  File "C:\Users\PC\AppData\Roaming\Python\Python314\site-packages\flask\app.py", line 852, in dispatch_request
    return self.ensure_sync(self.view_functions[rule.endpoint])(**view_args)
           ~~~~~~~~~~~~~~~~~~~~~~~~~~~~~~~~~~~~~~~~~~~~~~~~~~~~^^^^^^^^^^^^^
  File "E:\test_claude\fanren_monitor\app.py", line 102, in get_realtime
    count = int(result.get("data", {}).get("total", 0))
ValueError: invalid literal for int() with base 10: '1000+'
127.0.0.1 - - [25/Aug/2026 08:41:16] "GET /api/realtime?aid=117134831126411&cid=41140749603 HTTP/1.1" 500 -
127.0.0.1 - - [25/Aug/2026 08:41:46] "GET /api/trend?aid=117134831126411 HTTP/1.1" 200 -
[2026-08-25 08:41:46,782] ERROR in app: Exception on /api/realtime [GET]
Traceback (most recent call last):
  File "C:\Users\PC\AppData\Roaming\Python\Python314\site-packages\flask\app.py", line 1455, in wsgi_app
    response = self.full_dispatch_request()
  File "C:\Users\PC\AppData\Roaming\Python\Python314\site-packages\flask\app.py", line 869, in full_dispatch_request
    rv = self.handle_user_exception(e)
  File "C:\Users\PC\AppData\Roaming\Python\Python314\site-packages\flask\app.py", line 867, in full_dispatch_request
    rv = self.dispatch_request()
  File "C:\Users\PC\AppData\Roaming\Python\Python314\site-packages\flask\app.py", line 852, in dispatch_request
    return self.ensure_sync(self.view_functions[rule.endpoint])(**view_args)
           ~~~~~~~~~~~~~~~~~~~~~~~~~~~~~~~~~~~~~~~~~~~~~~~~~~~~^^^^^^^^^^^^^
  File "E:\test_claude\fanren_monitor\app.py", line 102, in get_realtime
    count = int(result.get("data", {}).get("total", 0))
ValueError: invalid literal for int() with base 10: '1000+'
127.0.0.1 - - [25/Aug/2026 08:41:46] "GET /api/realtime?aid=117134831126411&cid=41140749603 HTTP/1.1" 500 -
127.0.0.1 - - [25/Aug/2026 08:42:16] "GET /api/trend?aid=117134831126411 HTTP/1.1" 200 -
[2026-08-25 08:42:16,784] ERROR in app: Exception on /api/realtime [GET]
Traceback (most recent call last):
  File "C:\Users\PC\AppData\Roaming\Python\Python314\site-packages\flask\app.py", line 1455, in wsgi_app
    response = self.full_dispatch_request()
  File "C:\Users\PC\AppData\Roaming\Python\Python314\site-packages\flask\app.py", line 869, in full_dispatch_request
    rv = self.handle_user_exception(e)
  File "C:\Users\PC\AppData\Roaming\Python\Python314\site-packages\flask\app.py", line 867, in full_dispatch_request
    rv = self.dispatch_request()
  File "C:\Users\PC\AppData\Roaming\Python\Python314\site-packages\flask\app.py", line 852, in dispatch_request
    return self.ensure_sync(self.view_functions[rule.endpoint])(**view_args)
           ~~~~~~~~~~~~~~~~~~~~~~~~~~~~~~~~~~~~~~~~~~~~~~~~~~~~^^^^^^^^^^^^^
  File "E:\test_claude\fanren_monitor\app.py", line 102, in get_realtime
    count = int(result.get("data", {}).get("total", 0))
ValueError: invalid literal for int() with base 10: '1000+'
127.0.0.1 - - [25/Aug/2026 08:42:16] "GET /api/realtime?aid=117134831126411&cid=41140749603 HTTP/1.1" 500 -
127.0.0.1 - - [25/Aug/2026 08:42:46] "GET /api/trend?aid=117134831126411 HTTP/1.1" 200 -
[2026-08-25 08:42:46,809] ERROR in app: Exception on /api/realtime [GET]
Traceback (most recent call last):
  File "C:\Users\PC\AppData\Roaming\Python\Python314\site-packages\flask\app.py", line 1455, in wsgi_app
    response = self.full_dispatch_request()
  File "C:\Users\PC\AppData\Roaming\Python\Python314\site-packages\flask\app.py", line 869, in full_dispatch_request
    rv = self.handle_user_exception(e)
  File "C:\Users\PC\AppData\Roaming\Python\Python314\site-packages\flask\app.py", line 867, in full_dispatch_request
    rv = self.dispatch_request()
  File "C:\Users\PC\AppData\Roaming\Python\Python314\site-packages\flask\app.py", line 852, in dispatch_request
    return self.ensure_sync(self.view_functions[rule.endpoint])(**view_args)
           ~~~~~~~~~~~~~~~~~~~~~~~~~~~~~~~~~~~~~~~~~~~~~~~~~~~~^^^^^^^^^^^^^
  File "E:\test_claude\fanren_monitor\app.py", line 102, in get_realtime
    count = int(result.get("data", {}).get("total", 0))
ValueError: invalid literal for int() with base 10: '1000+'
127.0.0.1 - - [25/Aug/2026 08:42:46] "GET /api/realtime?aid=117134831126411&cid=41140749603 HTTP/1.1" 500 -
127.0.0.1 - - [25/Aug/2026 08:43:16] "GET /api/trend?aid=117134831126411 HTTP/1.1" 200 -
[2026-08-25 08:43:16,802] ERROR in app: Exception on /api/realtime [GET]
Traceback (most recent call last):
  File "C:\Users\PC\AppData\Roaming\Python\Python314\site-packages\flask\app.py", line 1455, in wsgi_app
    response = self.full_dispatch_request()
  File "C:\Users\PC\AppData\Roaming\Python\Python314\site-packages\flask\app.py", line 869, in full_dispatch_request
    rv = self.handle_user_exception(e)
  File "C:\Users\PC\AppData\Roaming\Python\Python314\site-packages\flask\app.py", line 867, in full_dispatch_request
    rv = self.dispatch_request()
  File "C:\Users\PC\AppData\Roaming\Python\Python314\site-packages\flask\app.py", line 852, in dispatch_request
    return self.ensure_sync(self.view_functions[rule.endpoint])(**view_args)
           ~~~~~~~~~~~~~~~~~~~~~~~~~~~~~~~~~~~~~~~~~~~~~~~~~~~~^^^^^^^^^^^^^
  File "E:\test_claude\fanren_monitor\app.py", line 102, in get_realtime
    count = int(result.get("data", {}).get("total", 0))
ValueError: invalid literal for int() with base 10: '1000+'
127.0.0.1 - - [25/Aug/2026 08:43:16] "GET /api/realtime?aid=117134831126411&cid=41140749603 HTTP/1.1" 500 -
127.0.0.1 - - [25/Aug/2026 08:43:46] "GET /api/trend?aid=117134831126411 HTTP/1.1" 200 -
[2026-08-25 08:43:46,791] ERROR in app: Exception on /api/realtime [GET]
Traceback (most recent call last):
  File "C:\Users\PC\AppData\Roaming\Python\Python314\site-packages\flask\app.py", line 1455, in wsgi_app
    response = self.full_dispatch_request()
  File "C:\Users\PC\AppData\Roaming\Python\Python314\site-packages\flask\app.py", line 869, in full_dispatch_request
    rv = self.handle_user_exception(e)
  File "C:\Users\PC\AppData\Roaming\Python\Python314\site-packages\flask\app.py", line 867, in full_dispatch_request
    rv = self.dispatch_request()
  File "C:\Users\PC\AppData\Roaming\Python\Python314\site-packages\flask\app.py", line 852, in dispatch_request
    return self.ensure_sync(self.view_functions[rule.endpoint])(**view_args)
           ~~~~~~~~~~~~~~~~~~~~~~~~~~~~~~~~~~~~~~~~~~~~~~~~~~~~^^^^^^^^^^^^^
  File "E:\test_claude\fanren_monitor\app.py", line 102, in get_realtime
    count = int(result.get("data", {}).get("total", 0))
ValueError: invalid literal for int() with base 10: '1000+'
127.0.0.1 - - [25/Aug/2026 08:43:46] "GET /api/realtime?aid=117134831126411&cid=41140749603 HTTP/1.1" 500 -
127.0.0.1 - - [25/Aug/2026 08:44:16] "GET /api/trend?aid=117134831126411 HTTP/1.1" 200 -
[2026-08-25 08:44:16,799] ERROR in app: Exception on /api/realtime [GET]
Traceback (most recent call last):
  File "C:\Users\PC\AppData\Roaming\Python\Python314\site-packages\flask\app.py", line 1455, in wsgi_app
    response = self.full_dispatch_request()
  File "C:\Users\PC\AppData\Roaming\Python\Python314\site-packages\flask\app.py", line 869, in full_dispatch_request
    rv = self.handle_user_exception(e)
  File "C:\Users\PC\AppData\Roaming\Python\Python314\site-packages\flask\app.py", line 867, in full_dispatch_request
    rv = self.dispatch_request()
  File "C:\Users\PC\AppData\Roaming\Python\Python314\site-packages\flask\app.py", line 852, in dispatch_request
    return self.ensure_sync(self.view_functions[rule.endpoint])(**view_args)
           ~~~~~~~~~~~~~~~~~~~~~~~~~~~~~~~~~~~~~~~~~~~~~~~~~~~~^^^^^^^^^^^^^
  File "E:\test_claude\fanren_monitor\app.py", line 102, in get_realtime
    count = int(result.get("data", {}).get("total", 0))
ValueError: invalid literal for int() with base 10: '1000+'
127.0.0.1 - - [25/Aug/2026 08:44:16] "GET /api/realtime?aid=117134831126411&cid=41140749603 HTTP/1.1" 500 -
127.0.0.1 - - [25/Aug/2026 08:44:46] "GET /api/trend?aid=117134831126411 HTTP/1.1" 200 -
[2026-08-25 08:44:46,786] ERROR in app: Exception on /api/realtime [GET]
Traceback (most recent call last):
  File "C:\Users\PC\AppData\Roaming\Python\Python314\site-packages\flask\app.py", line 1455, in wsgi_app
    response = self.full_dispatch_request()
  File "C:\Users\PC\AppData\Roaming\Python\Python314\site-packages\flask\app.py", line 869, in full_dispatch_request
    rv = self.handle_user_exception(e)
  File "C:\Users\PC\AppData\Roaming\Python\Python314\site-packages\flask\app.py", line 867, in full_dispatch_request
    rv = self.dispatch_request()
  File "C:\Users\PC\AppData\Roaming\Python\Python314\site-packages\flask\app.py", line 852, in dispatch_request
    return self.ensure_sync(self.view_functions[rule.endpoint])(**view_args)
           ~~~~~~~~~~~~~~~~~~~~~~~~~~~~~~~~~~~~~~~~~~~~~~~~~~~~^^^^^^^^^^^^^
  File "E:\test_claude\fanren_monitor\app.py", line 102, in get_realtime
    count = int(result.get("data", {}).get("total", 0))
ValueError: invalid literal for int() with base 10: '1000+'
127.0.0.1 - - [25/Aug/2026 08:44:46] "GET /api/realtime?aid=117134831126411&cid=41140749603 HTTP/1.1" 500 -
127.0.0.1 - - [25/Aug/2026 08:45:16] "GET /api/trend?aid=117134831126411 HTTP/1.1" 200 -
[2026-08-25 08:45:16,791] ERROR in app: Exception on /api/realtime [GET]
Traceback (most recent call last):
  File "C:\Users\PC\AppData\Roaming\Python\Python314\site-packages\flask\app.py", line 1455, in wsgi_app
    response = self.full_dispatch_request()
  File "C:\Users\PC\AppData\Roaming\Python\Python314\site-packages\flask\app.py", line 869, in full_dispatch_request
    rv = self.handle_user_exception(e)
  File "C:\Users\PC\AppData\Roaming\Python\Python314\site-packages\flask\app.py", line 867, in full_dispatch_request
    rv = self.dispatch_request()
  File "C:\Users\PC\AppData\Roaming\Python\Python314\site-packages\flask\app.py", line 852, in dispatch_request
    return self.ensure_sync(self.view_functions[rule.endpoint])(**view_args)
           ~~~~~~~~~~~~~~~~~~~~~~~~~~~~~~~~~~~~~~~~~~~~~~~~~~~~^^^^^^^^^^^^^
  File "E:\test_claude\fanren_monitor\app.py", line 102, in get_realtime
    count = int(result.get("data", {}).get("total", 0))
ValueError: invalid literal for int() with base 10: '1000+'
127.0.0.1 - - [25/Aug/2026 08:45:16] "GET /api/realtime?aid=117134831126411&cid=41140749603 HTTP/1.1" 500 -
127.0.0.1 - - [25/Aug/2026 08:45:46] "GET /api/trend?aid=117134831126411 HTTP/1.1" 200 -
[2026-08-25 08:45:46,821] ERROR in app: Exception on /api/realtime [GET]
Traceback (most recent call last):
  File "C:\Users\PC\AppData\Roaming\Python\Python314\site-packages\flask\app.py", line 1455, in wsgi_app
    response = self.full_dispatch_request()
  File "C:\Users\PC\AppData\Roaming\Python\Python314\site-packages\flask\app.py", line 869, in full_dispatch_request
    rv = self.handle_user_exception(e)
  File "C:\Users\PC\AppData\Roaming\Python\Python314\site-packages\flask\app.py", line 867, in full_dispatch_request
    rv = self.dispatch_request()
  File "C:\Users\PC\AppData\Roaming\Python\Python314\site-packages\flask\app.py", line 852, in dispatch_request
    return self.ensure_sync(self.view_functions[rule.endpoint])(**view_args)
           ~~~~~~~~~~~~~~~~~~~~~~~~~~~~~~~~~~~~~~~~~~~~~~~~~~~~^^^^^^^^^^^^^
  File "E:\test_claude\fanren_monitor\app.py", line 102, in get_realtime
    count = int(result.get("data", {}).get("total", 0))
ValueError: invalid literal for int() with base 10: '1000+'
127.0.0.1 - - [25/Aug/2026 08:45:46] "GET /api/realtime?aid=117134831126411&cid=41140749603 HTTP/1.1" 500 -
127.0.0.1 - - [25/Aug/2026 08:46:16] "GET /api/trend?aid=117134831126411 HTTP/1.1" 200 -
[2026-08-25 08:46:16,782] ERROR in app: Exception on /api/realtime [GET]
Traceback (most recent call last):
  File "C:\Users\PC\AppData\Roaming\Python\Python314\site-packages\flask\app.py", line 1455, in wsgi_app
    response = self.full_dispatch_request()
  File "C:\Users\PC\AppData\Roaming\Python\Python314\site-packages\flask\app.py", line 869, in full_dispatch_request
    rv = self.handle_user_exception(e)
  File "C:\Users\PC\AppData\Roaming\Python\Python314\site-packages\flask\app.py", line 867, in full_dispatch_request
    rv = self.dispatch_request()
  File "C:\Users\PC\AppData\Roaming\Python\Python314\site-packages\flask\app.py", line 852, in dispatch_request
    return self.ensure_sync(self.view_functions[rule.endpoint])(**view_args)
           ~~~~~~~~~~~~~~~~~~~~~~~~~~~~~~~~~~~~~~~~~~~~~~~~~~~~^^^^^^^^^^^^^
  File "E:\test_claude\fanren_monitor\app.py", line 102, in get_realtime
    count = int(result.get("data", {}).get("total", 0))
ValueError: invalid literal for int() with base 10: '1000+'
127.0.0.1 - - [25/Aug/2026 08:46:16] "GET /api/realtime?aid=117134831126411&cid=41140749603 HTTP/1.1" 500 -
127.0.0.1 - - [25/Aug/2026 08:46:46] "GET /api/trend?aid=117134831126411 HTTP/1.1" 200 -
[2026-08-25 08:46:46,791] ERROR in app: Exception on /api/realtime [GET]
Traceback (most recent call last):
  File "C:\Users\PC\AppData\Roaming\Python\Python314\site-packages\flask\app.py", line 1455, in wsgi_app
    response = self.full_dispatch_request()
  File "C:\Users\PC\AppData\Roaming\Python\Python314\site-packages\flask\app.py", line 869, in full_dispatch_request
    rv = self.handle_user_exception(e)
  File "C:\Users\PC\AppData\Roaming\Python\Python314\site-packages\flask\app.py", line 867, in full_dispatch_request
    rv = self.dispatch_request()
  File "C:\Users\PC\AppData\Roaming\Python\Python314\site-packages\flask\app.py", line 852, in dispatch_request
    return self.ensure_sync(self.view_functions[rule.endpoint])(**view_args)
           ~~~~~~~~~~~~~~~~~~~~~~~~~~~~~~~~~~~~~~~~~~~~~~~~~~~~^^^^^^^^^^^^^
  File "E:\test_claude\fanren_monitor\app.py", line 102, in get_realtime
    count = int(result.get("data", {}).get("total", 0))
ValueError: invalid literal for int() with base 10: '1000+'
127.0.0.1 - - [25/Aug/2026 08:46:46] "GET /api/realtime?aid=117134831126411&cid=41140749603 HTTP/1.1" 500 -
127.0.0.1 - - [25/Aug/2026 08:47:16] "GET /api/trend?aid=117134831126411 HTTP/1.1" 200 -
[2026-08-25 08:47:16,792] ERROR in app: Exception on /api/realtime [GET]
Traceback (most recent call last):
  File "C:\Users\PC\AppData\Roaming\Python\Python314\site-packages\flask\app.py", line 1455, in wsgi_app
    response = self.full_dispatch_request()
  File "C:\Users\PC\AppData\Roaming\Python\Python314\site-packages\flask\app.py", line 869, in full_dispatch_request
    rv = self.handle_user_exception(e)
  File "C:\Users\PC\AppData\Roaming\Python\Python314\site-packages\flask\app.py", line 867, in full_dispatch_request
    rv = self.dispatch_request()
  File "C:\Users\PC\AppData\Roaming\Python\Python314\site-packages\flask\app.py", line 852, in dispatch_request
    return self.ensure_sync(self.view_functions[rule.endpoint])(**view_args)
           ~~~~~~~~~~~~~~~~~~~~~~~~~~~~~~~~~~~~~~~~~~~~~~~~~~~~^^^^^^^^^^^^^
  File "E:\test_claude\fanren_monitor\app.py", line 102, in get_realtime
    count = int(result.get("data", {}).get("total", 0))
ValueError: invalid literal for int() with base 10: '1000+'
127.0.0.1 - - [25/Aug/2026 08:47:16] "GET /api/realtime?aid=117134831126411&cid=41140749603 HTTP/1.1" 500 -
127.0.0.1 - - [25/Aug/2026 08:47:46] "GET /api/trend?aid=117134831126411 HTTP/1.1" 200 -
[2026-08-25 08:47:46,792] ERROR in app: Exception on /api/realtime [GET]
Traceback (most recent call last):
  File "C:\Users\PC\AppData\Roaming\Python\Python314\site-packages\flask\app.py", line 1455, in wsgi_app
    response = self.full_dispatch_request()
  File "C:\Users\PC\AppData\Roaming\Python\Python314\site-packages\flask\app.py", line 869, in full_dispatch_request
    rv = self.handle_user_exception(e)
  File "C:\Users\PC\AppData\Roaming\Python\Python314\site-packages\flask\app.py", line 867, in full_dispatch_request
    rv = self.dispatch_request()
  File "C:\Users\PC\AppData\Roaming\Python\Python314\site-packages\flask\app.py", line 852, in dispatch_request
    return self.ensure_sync(self.view_functions[rule.endpoint])(**view_args)
           ~~~~~~~~~~~~~~~~~~~~~~~~~~~~~~~~~~~~~~~~~~~~~~~~~~~~^^^^^^^^^^^^^
  File "E:\test_claude\fanren_monitor\app.py", line 102, in get_realtime
    count = int(result.get("data", {}).get("total", 0))
ValueError: invalid literal for int() with base 10: '1000+'
127.0.0.1 - - [25/Aug/2026 08:47:46] "GET /api/realtime?aid=117134831126411&cid=41140749603 HTTP/1.1" 500 -
127.0.0.1 - - [25/Aug/2026 08:48:16] "GET /api/trend?aid=117134831126411 HTTP/1.1" 200 -
[2026-08-25 08:48:16,786] ERROR in app: Exception on /api/realtime [GET]
Traceback (most recent call last):
  File "C:\Users\PC\AppData\Roaming\Python\Python314\site-packages\flask\app.py", line 1455, in wsgi_app
    response = self.full_dispatch_request()
  File "C:\Users\PC\AppData\Roaming\Python\Python314\site-packages\flask\app.py", line 869, in full_dispatch_request
    rv = self.handle_user_exception(e)
  File "C:\Users\PC\AppData\Roaming\Python\Python314\site-packages\flask\app.py", line 867, in full_dispatch_request
    rv = self.dispatch_request()
  File "C:\Users\PC\AppData\Roaming\Python\Python314\site-packages\flask\app.py", line 852, in dispatch_request
    return self.ensure_sync(self.view_functions[rule.endpoint])(**view_args)
           ~~~~~~~~~~~~~~~~~~~~~~~~~~~~~~~~~~~~~~~~~~~~~~~~~~~~^^^^^^^^^^^^^
  File "E:\test_claude\fanren_monitor\app.py", line 102, in get_realtime
    count = int(result.get("data", {}).get("total", 0))
ValueError: invalid literal for int() with base 10: '1000+'
127.0.0.1 - - [25/Aug/2026 08:48:16] "GET /api/realtime?aid=117134831126411&cid=41140749603 HTTP/1.1" 500 -
127.0.0.1 - - [25/Aug/2026 08:48:46] "GET /api/trend?aid=117134831126411 HTTP/1.1" 200 -
[2026-08-25 08:48:46,796] ERROR in app: Exception on /api/realtime [GET]
Traceback (most recent call last):
  File "C:\Users\PC\AppData\Roaming\Python\Python314\site-packages\flask\app.py", line 1455, in wsgi_app
    response = self.full_dispatch_request()
  File "C:\Users\PC\AppData\Roaming\Python\Python314\site-packages\flask\app.py", line 869, in full_dispatch_request
    rv = self.handle_user_exception(e)
  File "C:\Users\PC\AppData\Roaming\Python\Python314\site-packages\flask\app.py", line 867, in full_dispatch_request
    rv = self.dispatch_request()
  File "C:\Users\PC\AppData\Roaming\Python\Python314\site-packages\flask\app.py", line 852, in dispatch_request
    return self.ensure_sync(self.view_functions[rule.endpoint])(**view_args)
           ~~~~~~~~~~~~~~~~~~~~~~~~~~~~~~~~~~~~~~~~~~~~~~~~~~~~^^^^^^^^^^^^^
  File "E:\test_claude\fanren_monitor\app.py", line 102, in get_realtime
    count = int(result.get("data", {}).get("total", 0))
ValueError: invalid literal for int() with base 10: '1000+'
127.0.0.1 - - [25/Aug/2026 08:48:46] "GET /api/realtime?aid=117134831126411&cid=41140749603 HTTP/1.1" 500 -
127.0.0.1 - - [25/Aug/2026 08:49:16] "GET /api/trend?aid=117134831126411 HTTP/1.1" 200 -
[2026-08-25 08:49:16,787] ERROR in app: Exception on /api/realtime [GET]
Traceback (most recent call last):
  File "C:\Users\PC\AppData\Roaming\Python\Python314\site-packages\flask\app.py", line 1455, in wsgi_app
    response = self.full_dispatch_request()
  File "C:\Users\PC\AppData\Roaming\Python\Python314\site-packages\flask\app.py", line 869, in full_dispatch_request
    rv = self.handle_user_exception(e)
  File "C:\Users\PC\AppData\Roaming\Python\Python314\site-packages\flask\app.py", line 867, in full_dispatch_request
    rv = self.dispatch_request()
  File "C:\Users\PC\AppData\Roaming\Python\Python314\site-packages\flask\app.py", line 852, in dispatch_request
    return self.ensure_sync(self.view_functions[rule.endpoint])(**view_args)
           ~~~~~~~~~~~~~~~~~~~~~~~~~~~~~~~~~~~~~~~~~~~~~~~~~~~~^^^^^^^^^^^^^
  File "E:\test_claude\fanren_monitor\app.py", line 102, in get_realtime
    count = int(result.get("data", {}).get("total", 0))
ValueError: invalid literal for int() with base 10: '1000+'
127.0.0.1 - - [25/Aug/2026 08:49:16] "GET /api/realtime?aid=117134831126411&cid=41140749603 HTTP/1.1" 500 -
127.0.0.1 - - [25/Aug/2026 08:49:46] "GET /api/trend?aid=117134831126411 HTTP/1.1" 200 -
[2026-08-25 08:49:46,866] ERROR in app: Exception on /api/realtime [GET]
Traceback (most recent call last):
  File "C:\Users\PC\AppData\Roaming\Python\Python314\site-packages\flask\app.py", line 1455, in wsgi_app
    response = self.full_dispatch_request()
  File "C:\Users\PC\AppData\Roaming\Python\Python314\site-packages\flask\app.py", line 869, in full_dispatch_request
    rv = self.handle_user_exception(e)
  File "C:\Users\PC\AppData\Roaming\Python\Python314\site-packages\flask\app.py", line 867, in full_dispatch_request
    rv = self.dispatch_request()
  File "C:\Users\PC\AppData\Roaming\Python\Python314\site-packages\flask\app.py", line 852, in dispatch_request
    return self.ensure_sync(self.view_functions[rule.endpoint])(**view_args)
           ~~~~~~~~~~~~~~~~~~~~~~~~~~~~~~~~~~~~~~~~~~~~~~~~~~~~^^^^^^^^^^^^^
  File "E:\test_claude\fanren_monitor\app.py", line 102, in get_realtime
    count = int(result.get("data", {}).get("total", 0))
ValueError: invalid literal for int() with base 10: '1000+'
127.0.0.1 - - [25/Aug/2026 08:49:46] "GET /api/realtime?aid=117134831126411&cid=41140749603 HTTP/1.1" 500 -
127.0.0.1 - - [25/Aug/2026 08:50:16] "GET /api/trend?aid=117134831126411 HTTP/1.1" 200 -
[2026-08-25 08:50:16,814] ERROR in app: Exception on /api/realtime [GET]
Traceback (most recent call last):
  File "C:\Users\PC\AppData\Roaming\Python\Python314\site-packages\flask\app.py", line 1455, in wsgi_app
    response = self.full_dispatch_request()
  File "C:\Users\PC\AppData\Roaming\Python\Python314\site-packages\flask\app.py", line 869, in full_dispatch_request
    rv = self.handle_user_exception(e)
  File "C:\Users\PC\AppData\Roaming\Python\Python314\site-packages\flask\app.py", line 867, in full_dispatch_request
    rv = self.dispatch_request()
  File "C:\Users\PC\AppData\Roaming\Python\Python314\site-packages\flask\app.py", line 852, in dispatch_request
    return self.ensure_sync(self.view_functions[rule.endpoint])(**view_args)
           ~~~~~~~~~~~~~~~~~~~~~~~~~~~~~~~~~~~~~~~~~~~~~~~~~~~~^^^^^^^^^^^^^
  File "E:\test_claude\fanren_monitor\app.py", line 102, in get_realtime
    count = int(result.get("data", {}).get("total", 0))
ValueError: invalid literal for int() with base 10: '1000+'
127.0.0.1 - - [25/Aug/2026 08:50:16] "GET /api/realtime?aid=117134831126411&cid=41140749603 HTTP/1.1" 500 -
127.0.0.1 - - [25/Aug/2026 08:50:46] "GET /api/trend?aid=117134831126411 HTTP/1.1" 200 -
[2026-08-25 08:50:46,823] ERROR in app: Exception on /api/realtime [GET]
Traceback (most recent call last):
  File "C:\Users\PC\AppData\Roaming\Python\Python314\site-packages\flask\app.py", line 1455, in wsgi_app
    response = self.full_dispatch_request()
  File "C:\Users\PC\AppData\Roaming\Python\Python314\site-packages\flask\app.py", line 869, in full_dispatch_request
    rv = self.handle_user_exception(e)
  File "C:\Users\PC\AppData\Roaming\Python\Python314\site-packages\flask\app.py", line 867, in full_dispatch_request
    rv = self.dispatch_request()
  File "C:\Users\PC\AppData\Roaming\Python\Python314\site-packages\flask\app.py", line 852, in dispatch_request
    return self.ensure_sync(self.view_functions[rule.endpoint])(**view_args)
           ~~~~~~~~~~~~~~~~~~~~~~~~~~~~~~~~~~~~~~~~~~~~~~~~~~~~^^^^^^^^^^^^^
  File "E:\test_claude\fanren_monitor\app.py", line 102, in get_realtime
    count = int(result.get("data", {}).get("total", 0))
ValueError: invalid literal for int() with base 10: '1000+'
127.0.0.1 - - [25/Aug/2026 08:50:46] "GET /api/realtime?aid=117134831126411&cid=41140749603 HTTP/1.1" 500 -
127.0.0.1 - - [25/Aug/2026 08:51:16] "GET /api/trend?aid=117134831126411 HTTP/1.1" 200 -
[2026-08-25 08:51:16,786] ERROR in app: Exception on /api/realtime [GET]
Traceback (most recent call last):
  File "C:\Users\PC\AppData\Roaming\Python\Python314\site-packages\flask\app.py", line 1455, in wsgi_app
    response = self.full_dispatch_request()
  File "C:\Users\PC\AppData\Roaming\Python\Python314\site-packages\flask\app.py", line 869, in full_dispatch_request
    rv = self.handle_user_exception(e)
  File "C:\Users\PC\AppData\Roaming\Python\Python314\site-packages\flask\app.py", line 867, in full_dispatch_request
    rv = self.dispatch_request()
  File "C:\Users\PC\AppData\Roaming\Python\Python314\site-packages\flask\app.py", line 852, in dispatch_request
    return self.ensure_sync(self.view_functions[rule.endpoint])(**view_args)
           ~~~~~~~~~~~~~~~~~~~~~~~~~~~~~~~~~~~~~~~~~~~~~~~~~~~~^^^^^^^^^^^^^
  File "E:\test_claude\fanren_monitor\app.py", line 102, in get_realtime
    count = int(result.get("data", {}).get("total", 0))
ValueError: invalid literal for int() with base 10: '1000+'
127.0.0.1 - - [25/Aug/2026 08:51:16] "GET /api/realtime?aid=117134831126411&cid=41140749603 HTTP/1.1" 500 -
127.0.0.1 - - [25/Aug/2026 08:51:46] "GET /api/trend?aid=117134831126411 HTTP/1.1" 200 -
[2026-08-25 08:51:46,841] ERROR in app: Exception on /api/realtime [GET]
Traceback (most recent call last):
  File "C:\Users\PC\AppData\Roaming\Python\Python314\site-packages\flask\app.py", line 1455, in wsgi_app
    response = self.full_dispatch_request()
  File "C:\Users\PC\AppData\Roaming\Python\Python314\site-packages\flask\app.py", line 869, in full_dispatch_request
    rv = self.handle_user_exception(e)
  File "C:\Users\PC\AppData\Roaming\Python\Python314\site-packages\flask\app.py", line 867, in full_dispatch_request
    rv = self.dispatch_request()
  File "C:\Users\PC\AppData\Roaming\Python\Python314\site-packages\flask\app.py", line 852, in dispatch_request
    return self.ensure_sync(self.view_functions[rule.endpoint])(**view_args)
           ~~~~~~~~~~~~~~~~~~~~~~~~~~~~~~~~~~~~~~~~~~~~~~~~~~~~^^^^^^^^^^^^^
  File "E:\test_claude\fanren_monitor\app.py", line 102, in get_realtime
    count = int(result.get("data", {}).get("total", 0))
ValueError: invalid literal for int() with base 10: '1000+'
127.0.0.1 - - [25/Aug/2026 08:51:46] "GET /api/realtime?aid=117134831126411&cid=41140749603 HTTP/1.1" 500 -
127.0.0.1 - - [25/Aug/2026 08:52:16] "GET /api/trend?aid=117134831126411 HTTP/1.1" 200 -
[2026-08-25 08:52:16,795] ERROR in app: Exception on /api/realtime [GET]
Traceback (most recent call last):
  File "C:\Users\PC\AppData\Roaming\Python\Python314\site-packages\flask\app.py", line 1455, in wsgi_app
    response = self.full_dispatch_request()
  File "C:\Users\PC\AppData\Roaming\Python\Python314\site-packages\flask\app.py", line 869, in full_dispatch_request
    rv = self.handle_user_exception(e)
  File "C:\Users\PC\AppData\Roaming\Python\Python314\site-packages\flask\app.py", line 867, in full_dispatch_request
    rv = self.dispatch_request()
  File "C:\Users\PC\AppData\Roaming\Python\Python314\site-packages\flask\app.py", line 852, in dispatch_request
    return self.ensure_sync(self.view_functions[rule.endpoint])(**view_args)
           ~~~~~~~~~~~~~~~~~~~~~~~~~~~~~~~~~~~~~~~~~~~~~~~~~~~~^^^^^^^^^^^^^
  File "E:\test_claude\fanren_monitor\app.py", line 102, in get_realtime
    count = int(result.get("data", {}).get("total", 0))
ValueError: invalid literal for int() with base 10: '1000+'
127.0.0.1 - - [25/Aug/2026 08:52:16] "GET /api/realtime?aid=117134831126411&cid=41140749603 HTTP/1.1" 500 -
127.0.0.1 - - [25/Aug/2026 08:52:46] "GET /api/trend?aid=117134831126411 HTTP/1.1" 200 -
[2026-08-25 08:52:46,812] ERROR in app: Exception on /api/realtime [GET]
Traceback (most recent call last):
  File "C:\Users\PC\AppData\Roaming\Python\Python314\site-packages\flask\app.py", line 1455, in wsgi_app
    response = self.full_dispatch_request()
  File "C:\Users\PC\AppData\Roaming\Python\Python314\site-packages\flask\app.py", line 869, in full_dispatch_request
    rv = self.handle_user_exception(e)
  File "C:\Users\PC\AppData\Roaming\Python\Python314\site-packages\flask\app.py", line 867, in full_dispatch_request
    rv = self.dispatch_request()
  File "C:\Users\PC\AppData\Roaming\Python\Python314\site-packages\flask\app.py", line 852, in dispatch_request
    return self.ensure_sync(self.view_functions[rule.endpoint])(**view_args)
           ~~~~~~~~~~~~~~~~~~~~~~~~~~~~~~~~~~~~~~~~~~~~~~~~~~~~^^^^^^^^^^^^^
  File "E:\test_claude\fanren_monitor\app.py", line 102, in get_realtime
    count = int(result.get("data", {}).get("total", 0))
ValueError: invalid literal for int() with base 10: '1000+'
127.0.0.1 - - [25/Aug/2026 08:52:46] "GET /api/realtime?aid=117134831126411&cid=41140749603 HTTP/1.1" 500 -
127.0.0.1 - - [25/Aug/2026 08:53:16] "GET /api/trend?aid=117134831126411 HTTP/1.1" 200 -
[2026-08-25 08:53:16,835] ERROR in app: Exception on /api/realtime [GET]
Traceback (most recent call last):
  File "C:\Users\PC\AppData\Roaming\Python\Python314\site-packages\flask\app.py", line 1455, in wsgi_app
    response = self.full_dispatch_request()
  File "C:\Users\PC\AppData\Roaming\Python\Python314\site-packages\flask\app.py", line 869, in full_dispatch_request
    rv = self.handle_user_exception(e)
  File "C:\Users\PC\AppData\Roaming\Python\Python314\site-packages\flask\app.py", line 867, in full_dispatch_request
    rv = self.dispatch_request()
  File "C:\Users\PC\AppData\Roaming\Python\Python314\site-packages\flask\app.py", line 852, in dispatch_request
    return self.ensure_sync(self.view_functions[rule.endpoint])(**view_args)
           ~~~~~~~~~~~~~~~~~~~~~~~~~~~~~~~~~~~~~~~~~~~~~~~~~~~~^^^^^^^^^^^^^
  File "E:\test_claude\fanren_monitor\app.py", line 102, in get_realtime
    count = int(result.get("data", {}).get("total", 0))
ValueError: invalid literal for int() with base 10: '1000+'
127.0.0.1 - - [25/Aug/2026 08:53:16] "GET /api/realtime?aid=117134831126411&cid=41140749603 HTTP/1.1" 500 -
127.0.0.1 - - [25/Aug/2026 08:53:46] "GET /api/trend?aid=117134831126411 HTTP/1.1" 200 -
[2026-08-25 08:53:46,794] ERROR in app: Exception on /api/realtime [GET]
Traceback (most recent call last):
  File "C:\Users\PC\AppData\Roaming\Python\Python314\site-packages\flask\app.py", line 1455, in wsgi_app
    response = self.full_dispatch_request()
  File "C:\Users\PC\AppData\Roaming\Python\Python314\site-packages\flask\app.py", line 869, in full_dispatch_request
    rv = self.handle_user_exception(e)
  File "C:\Users\PC\AppData\Roaming\Python\Python314\site-packages\flask\app.py", line 867, in full_dispatch_request
    rv = self.dispatch_request()
  File "C:\Users\PC\AppData\Roaming\Python\Python314\site-packages\flask\app.py", line 852, in dispatch_request
    return self.ensure_sync(self.view_functions[rule.endpoint])(**view_args)
           ~~~~~~~~~~~~~~~~~~~~~~~~~~~~~~~~~~~~~~~~~~~~~~~~~~~~^^^^^^^^^^^^^
  File "E:\test_claude\fanren_monitor\app.py", line 102, in get_realtime
    count = int(result.get("data", {}).get("total", 0))
ValueError: invalid literal for int() with base 10: '1000+'
127.0.0.1 - - [25/Aug/2026 08:53:46] "GET /api/realtime?aid=117134831126411&cid=41140749603 HTTP/1.1" 500 -
127.0.0.1 - - [25/Aug/2026 08:54:16] "GET /api/trend?aid=117134831126411 HTTP/1.1" 200 -
[2026-08-25 08:54:16,806] ERROR in app: Exception on /api/realtime [GET]
Traceback (most recent call last):
  File "C:\Users\PC\AppData\Roaming\Python\Python314\site-packages\flask\app.py", line 1455, in wsgi_app
    response = self.full_dispatch_request()
  File "C:\Users\PC\AppData\Roaming\Python\Python314\site-packages\flask\app.py", line 869, in full_dispatch_request
    rv = self.handle_user_exception(e)
  File "C:\Users\PC\AppData\Roaming\Python\Python314\site-packages\flask\app.py", line 867, in full_dispatch_request
    rv = self.dispatch_request()
  File "C:\Users\PC\AppData\Roaming\Python\Python314\site-packages\flask\app.py", line 852, in dispatch_request
    return self.ensure_sync(self.view_functions[rule.endpoint])(**view_args)
           ~~~~~~~~~~~~~~~~~~~~~~~~~~~~~~~~~~~~~~~~~~~~~~~~~~~~^^^^^^^^^^^^^
  File "E:\test_claude\fanren_monitor\app.py", line 102, in get_realtime
    count = int(result.get("data", {}).get("total", 0))
ValueError: invalid literal for int() with base 10: '1000+'
127.0.0.1 - - [25/Aug/2026 08:54:16] "GET /api/realtime?aid=117134831126411&cid=41140749603 HTTP/1.1" 500 -
127.0.0.1 - - [25/Aug/2026 08:54:46] "GET /api/trend?aid=117134831126411 HTTP/1.1" 200 -
[2026-08-25 08:54:46,809] ERROR in app: Exception on /api/realtime [GET]
Traceback (most recent call last):
  File "C:\Users\PC\AppData\Roaming\Python\Python314\site-packages\flask\app.py", line 1455, in wsgi_app
    response = self.full_dispatch_request()
  File "C:\Users\PC\AppData\Roaming\Python\Python314\site-packages\flask\app.py", line 869, in full_dispatch_request
    rv = self.handle_user_exception(e)
  File "C:\Users\PC\AppData\Roaming\Python\Python314\site-packages\flask\app.py", line 867, in full_dispatch_request
    rv = self.dispatch_request()
  File "C:\Users\PC\AppData\Roaming\Python\Python314\site-packages\flask\app.py", line 852, in dispatch_request
    return self.ensure_sync(self.view_functions[rule.endpoint])(**view_args)
           ~~~~~~~~~~~~~~~~~~~~~~~~~~~~~~~~~~~~~~~~~~~~~~~~~~~~^^^^^^^^^^^^^
  File "E:\test_claude\fanren_monitor\app.py", line 102, in get_realtime
    count = int(result.get("data", {}).get("total", 0))
ValueError: invalid literal for int() with base 10: '1000+'
127.0.0.1 - - [25/Aug/2026 08:54:46] "GET /api/realtime?aid=117134831126411&cid=41140749603 HTTP/1.1" 500 -
127.0.0.1 - - [25/Aug/2026 08:55:16] "GET /api/trend?aid=117134831126411 HTTP/1.1" 200 -
[2026-08-25 08:55:16,802] ERROR in app: Exception on /api/realtime [GET]
Traceback (most recent call last):
  File "C:\Users\PC\AppData\Roaming\Python\Python314\site-packages\flask\app.py", line 1455, in wsgi_app
    response = self.full_dispatch_request()
  File "C:\Users\PC\AppData\Roaming\Python\Python314\site-packages\flask\app.py", line 869, in full_dispatch_request
    rv = self.handle_user_exception(e)
  File "C:\Users\PC\AppData\Roaming\Python\Python314\site-packages\flask\app.py", line 867, in full_dispatch_request
    rv = self.dispatch_request()
  File "C:\Users\PC\AppData\Roaming\Python\Python314\site-packages\flask\app.py", line 852, in dispatch_request
    return self.ensure_sync(self.view_functions[rule.endpoint])(**view_args)
           ~~~~~~~~~~~~~~~~~~~~~~~~~~~~~~~~~~~~~~~~~~~~~~~~~~~~^^^^^^^^^^^^^
  File "E:\test_claude\fanren_monitor\app.py", line 102, in get_realtime
    count = int(result.get("data", {}).get("total", 0))
ValueError: invalid literal for int() with base 10: '1000+'
127.0.0.1 - - [25/Aug/2026 08:55:16] "GET /api/realtime?aid=117134831126411&cid=41140749603 HTTP/1.1" 500 -
127.0.0.1 - - [25/Aug/2026 08:55:46] "GET /api/trend?aid=117134831126411 HTTP/1.1" 200 -
[2026-08-25 08:55:46,822] ERROR in app: Exception on /api/realtime [GET]
Traceback (most recent call last):
  File "C:\Users\PC\AppData\Roaming\Python\Python314\site-packages\flask\app.py", line 1455, in wsgi_app
    response = self.full_dispatch_request()
  File "C:\Users\PC\AppData\Roaming\Python\Python314\site-packages\flask\app.py", line 869, in full_dispatch_request
    rv = self.handle_user_exception(e)
  File "C:\Users\PC\AppData\Roaming\Python\Python314\site-packages\flask\app.py", line 867, in full_dispatch_request
    rv = self.dispatch_request()
  File "C:\Users\PC\AppData\Roaming\Python\Python314\site-packages\flask\app.py", line 852, in dispatch_request
    return self.ensure_sync(self.view_functions[rule.endpoint])(**view_args)
           ~~~~~~~~~~~~~~~~~~~~~~~~~~~~~~~~~~~~~~~~~~~~~~~~~~~~^^^^^^^^^^^^^
  File "E:\test_claude\fanren_monitor\app.py", line 102, in get_realtime
    count = int(result.get("data", {}).get("total", 0))
ValueError: invalid literal for int() with base 10: '1000+'
127.0.0.1 - - [25/Aug/2026 08:55:46] "GET /api/realtime?aid=117134831126411&cid=41140749603 HTTP/1.1" 500 -
127.0.0.1 - - [25/Aug/2026 08:56:16] "GET /api/trend?aid=117134831126411 HTTP/1.1" 200 -
[2026-08-25 08:56:16,801] ERROR in app: Exception on /api/realtime [GET]
Traceback (most recent call last):
  File "C:\Users\PC\AppData\Roaming\Python\Python314\site-packages\flask\app.py", line 1455, in wsgi_app
    response = self.full_dispatch_request()
  File "C:\Users\PC\AppData\Roaming\Python\Python314\site-packages\flask\app.py", line 869, in full_dispatch_request
    rv = self.handle_user_exception(e)
  File "C:\Users\PC\AppData\Roaming\Python\Python314\site-packages\flask\app.py", line 867, in full_dispatch_request
    rv = self.dispatch_request()
  File "C:\Users\PC\AppData\Roaming\Python\Python314\site-packages\flask\app.py", line 852, in dispatch_request
    return self.ensure_sync(self.view_functions[rule.endpoint])(**view_args)
           ~~~~~~~~~~~~~~~~~~~~~~~~~~~~~~~~~~~~~~~~~~~~~~~~~~~~^^^^^^^^^^^^^
  File "E:\test_claude\fanren_monitor\app.py", line 102, in get_realtime
    count = int(result.get("data", {}).get("total", 0))
ValueError: invalid literal for int() with base 10: '1000+'
127.0.0.1 - - [25/Aug/2026 08:56:16] "GET /api/realtime?aid=117134831126411&cid=41140749603 HTTP/1.1" 500 -
127.0.0.1 - - [25/Aug/2026 08:56:46] "GET /api/trend?aid=117134831126411 HTTP/1.1" 200 -
[2026-08-25 08:56:46,798] ERROR in app: Exception on /api/realtime [GET]
Traceback (most recent call last):
  File "C:\Users\PC\AppData\Roaming\Python\Python314\site-packages\flask\app.py", line 1455, in wsgi_app
    response = self.full_dispatch_request()
  File "C:\Users\PC\AppData\Roaming\Python\Python314\site-packages\flask\app.py", line 869, in full_dispatch_request
    rv = self.handle_user_exception(e)
  File "C:\Users\PC\AppData\Roaming\Python\Python314\site-packages\flask\app.py", line 867, in full_dispatch_request
    rv = self.dispatch_request()
  File "C:\Users\PC\AppData\Roaming\Python\Python314\site-packages\flask\app.py", line 852, in dispatch_request
    return self.ensure_sync(self.view_functions[rule.endpoint])(**view_args)
           ~~~~~~~~~~~~~~~~~~~~~~~~~~~~~~~~~~~~~~~~~~~~~~~~~~~~^^^^^^^^^^^^^
  File "E:\test_claude\fanren_monitor\app.py", line 102, in get_realtime
    count = int(result.get("data", {}).get("total", 0))
ValueError: invalid literal for int() with base 10: '1000+'
127.0.0.1 - - [25/Aug/2026 08:56:46] "GET /api/realtime?aid=117134831126411&cid=41140749603 HTTP/1.1" 500 -
127.0.0.1 - - [25/Aug/2026 08:57:16] "GET /api/trend?aid=117134831126411 HTTP/1.1" 200 -
[2026-08-25 08:57:16,787] ERROR in app: Exception on /api/realtime [GET]
Traceback (most recent call last):
  File "C:\Users\PC\AppData\Roaming\Python\Python314\site-packages\flask\app.py", line 1455, in wsgi_app
    response = self.full_dispatch_request()
  File "C:\Users\PC\AppData\Roaming\Python\Python314\site-packages\flask\app.py", line 869, in full_dispatch_request
    rv = self.handle_user_exception(e)
  File "C:\Users\PC\AppData\Roaming\Python\Python314\site-packages\flask\app.py", line 867, in full_dispatch_request
    rv = self.dispatch_request()
  File "C:\Users\PC\AppData\Roaming\Python\Python314\site-packages\flask\app.py", line 852, in dispatch_request
    return self.ensure_sync(self.view_functions[rule.endpoint])(**view_args)
           ~~~~~~~~~~~~~~~~~~~~~~~~~~~~~~~~~~~~~~~~~~~~~~~~~~~~^^^^^^^^^^^^^
  File "E:\test_claude\fanren_monitor\app.py", line 102, in get_realtime
    count = int(result.get("data", {}).get("total", 0))
ValueError: invalid literal for int() with base 10: '1000+'
127.0.0.1 - - [25/Aug/2026 08:57:16] "GET /api/realtime?aid=117134831126411&cid=41140749603 HTTP/1.1" 500 -
127.0.0.1 - - [25/Aug/2026 08:57:46] "GET /api/trend?aid=117134831126411 HTTP/1.1" 200 -
[2026-08-25 08:57:46,822] ERROR in app: Exception on /api/realtime [GET]
Traceback (most recent call last):
  File "C:\Users\PC\AppData\Roaming\Python\Python314\site-packages\flask\app.py", line 1455, in wsgi_app
    response = self.full_dispatch_request()
  File "C:\Users\PC\AppData\Roaming\Python\Python314\site-packages\flask\app.py", line 869, in full_dispatch_request
    rv = self.handle_user_exception(e)
  File "C:\Users\PC\AppData\Roaming\Python\Python314\site-packages\flask\app.py", line 867, in full_dispatch_request
    rv = self.dispatch_request()
  File "C:\Users\PC\AppData\Roaming\Python\Python314\site-packages\flask\app.py", line 852, in dispatch_request
    return self.ensure_sync(self.view_functions[rule.endpoint])(**view_args)
           ~~~~~~~~~~~~~~~~~~~~~~~~~~~~~~~~~~~~~~~~~~~~~~~~~~~~^^^^^^^^^^^^^
  File "E:\test_claude\fanren_monitor\app.py", line 102, in get_realtime
    count = int(result.get("data", {}).get("total", 0))
ValueError: invalid literal for int() with base 10: '1000+'
127.0.0.1 - - [25/Aug/2026 08:57:46] "GET /api/realtime?aid=117134831126411&cid=41140749603 HTTP/1.1" 500 -
127.0.0.1 - - [25/Aug/2026 08:58:16] "GET /api/trend?aid=117134831126411 HTTP/1.1" 200 -
[2026-08-25 08:58:16,822] ERROR in app: Exception on /api/realtime [GET]
Traceback (most recent call last):
  File "C:\Users\PC\AppData\Roaming\Python\Python314\site-packages\flask\app.py", line 1455, in wsgi_app
    response = self.full_dispatch_request()
  File "C:\Users\PC\AppData\Roaming\Python\Python314\site-packages\flask\app.py", line 869, in full_dispatch_request
    rv = self.handle_user_exception(e)
  File "C:\Users\PC\AppData\Roaming\Python\Python314\site-packages\flask\app.py", line 867, in full_dispatch_request
    rv = self.dispatch_request()
  File "C:\Users\PC\AppData\Roaming\Python\Python314\site-packages\flask\app.py", line 852, in dispatch_request
    return self.ensure_sync(self.view_functions[rule.endpoint])(**view_args)
           ~~~~~~~~~~~~~~~~~~~~~~~~~~~~~~~~~~~~~~~~~~~~~~~~~~~~^^^^^^^^^^^^^
  File "E:\test_claude\fanren_monitor\app.py", line 102, in get_realtime
    count = int(result.get("data", {}).get("total", 0))
ValueError: invalid literal for int() with base 10: '1000+'
127.0.0.1 - - [25/Aug/2026 08:58:16] "GET /api/realtime?aid=117134831126411&cid=41140749603 HTTP/1.1" 500 -
127.0.0.1 - - [25/Aug/2026 08:58:46] "GET /api/trend?aid=117134831126411 HTTP/1.1" 200 -
[2026-08-25 08:58:46,821] ERROR in app: Exception on /api/realtime [GET]
Traceback (most recent call last):
  File "C:\Users\PC\AppData\Roaming\Python\Python314\site-packages\flask\app.py", line 1455, in wsgi_app
    response = self.full_dispatch_request()
  File "C:\Users\PC\AppData\Roaming\Python\Python314\site-packages\flask\app.py", line 869, in full_dispatch_request
    rv = self.handle_user_exception(e)
  File "C:\Users\PC\AppData\Roaming\Python\Python314\site-packages\flask\app.py", line 867, in full_dispatch_request
    rv = self.dispatch_request()
  File "C:\Users\PC\AppData\Roaming\Python\Python314\site-packages\flask\app.py", line 852, in dispatch_request
    return self.ensure_sync(self.view_functions[rule.endpoint])(**view_args)
           ~~~~~~~~~~~~~~~~~~~~~~~~~~~~~~~~~~~~~~~~~~~~~~~~~~~~^^^^^^^^^^^^^
  File "E:\test_claude\fanren_monitor\app.py", line 102, in get_realtime
    count = int(result.get("data", {}).get("total", 0))
ValueError: invalid literal for int() with base 10: '1000+'
127.0.0.1 - - [25/Aug/2026 08:58:46] "GET /api/realtime?aid=117134831126411&cid=41140749603 HTTP/1.1" 500 -
127.0.0.1 - - [25/Aug/2026 08:59:16] "GET /api/trend?aid=117134831126411 HTTP/1.1" 200 -
[2026-08-25 08:59:16,790] ERROR in app: Exception on /api/realtime [GET]
Traceback (most recent call last):
  File "C:\Users\PC\AppData\Roaming\Python\Python314\site-packages\flask\app.py", line 1455, in wsgi_app
    response = self.full_dispatch_request()
  File "C:\Users\PC\AppData\Roaming\Python\Python314\site-packages\flask\app.py", line 869, in full_dispatch_request
    rv = self.handle_user_exception(e)
  File "C:\Users\PC\AppData\Roaming\Python\Python314\site-packages\flask\app.py", line 867, in full_dispatch_request
    rv = self.dispatch_request()
  File "C:\Users\PC\AppData\Roaming\Python\Python314\site-packages\flask\app.py", line 852, in dispatch_request
    return self.ensure_sync(self.view_functions[rule.endpoint])(**view_args)
           ~~~~~~~~~~~~~~~~~~~~~~~~~~~~~~~~~~~~~~~~~~~~~~~~~~~~^^^^^^^^^^^^^
  File "E:\test_claude\fanren_monitor\app.py", line 102, in get_realtime
    count = int(result.get("data", {}).get("total", 0))
ValueError: invalid literal for int() with base 10: '1000+'
127.0.0.1 - - [25/Aug/2026 08:59:16] "GET /api/realtime?aid=117134831126411&cid=41140749603 HTTP/1.1" 500 -
127.0.0.1 - - [25/Aug/2026 08:59:46] "GET /api/trend?aid=117134831126411 HTTP/1.1" 200 -
[2026-08-25 08:59:46,781] ERROR in app: Exception on /api/realtime [GET]
Traceback (most recent call last):
  File "C:\Users\PC\AppData\Roaming\Python\Python314\site-packages\flask\app.py", line 1455, in wsgi_app
    response = self.full_dispatch_request()
  File "C:\Users\PC\AppData\Roaming\Python\Python314\site-packages\flask\app.py", line 869, in full_dispatch_request
    rv = self.handle_user_exception(e)
  File "C:\Users\PC\AppData\Roaming\Python\Python314\site-packages\flask\app.py", line 867, in full_dispatch_request
    rv = self.dispatch_request()
  File "C:\Users\PC\AppData\Roaming\Python\Python314\site-packages\flask\app.py", line 852, in dispatch_request
    return self.ensure_sync(self.view_functions[rule.endpoint])(**view_args)
           ~~~~~~~~~~~~~~~~~~~~~~~~~~~~~~~~~~~~~~~~~~~~~~~~~~~~^^^^^^^^^^^^^
  File "E:\test_claude\fanren_monitor\app.py", line 102, in get_realtime
    count = int(result.get("data", {}).get("total", 0))
ValueError: invalid literal for int() with base 10: '1000+'
127.0.0.1 - - [25/Aug/2026 08:59:46] "GET /api/realtime?aid=117134831126411&cid=41140749603 HTTP/1.1" 500 -
127.0.0.1 - - [25/Aug/2026 09:00:16] "GET /api/trend?aid=117134831126411 HTTP/1.1" 200 -
[2026-08-25 09:00:16,800] ERROR in app: Exception on /api/realtime [GET]
Traceback (most recent call last):
  File "C:\Users\PC\AppData\Roaming\Python\Python314\site-packages\flask\app.py", line 1455, in wsgi_app
    response = self.full_dispatch_request()
  File "C:\Users\PC\AppData\Roaming\Python\Python314\site-packages\flask\app.py", line 869, in full_dispatch_request
    rv = self.handle_user_exception(e)
  File "C:\Users\PC\AppData\Roaming\Python\Python314\site-packages\flask\app.py", line 867, in full_dispatch_request
    rv = self.dispatch_request()
  File "C:\Users\PC\AppData\Roaming\Python\Python314\site-packages\flask\app.py", line 852, in dispatch_request
    return self.ensure_sync(self.view_functions[rule.endpoint])(**view_args)
           ~~~~~~~~~~~~~~~~~~~~~~~~~~~~~~~~~~~~~~~~~~~~~~~~~~~~^^^^^^^^^^^^^
  File "E:\test_claude\fanren_monitor\app.py", line 102, in get_realtime
    count = int(result.get("data", {}).get("total", 0))
ValueError: invalid literal for int() with base 10: '1000+'
127.0.0.1 - - [25/Aug/2026 09:00:16] "GET /api/realtime?aid=117134831126411&cid=41140749603 HTTP/1.1" 500 -
127.0.0.1 - - [25/Aug/2026 09:00:46] "GET /api/trend?aid=117134831126411 HTTP/1.1" 200 -
[2026-08-25 09:00:46,794] ERROR in app: Exception on /api/realtime [GET]
Traceback (most recent call last):
  File "C:\Users\PC\AppData\Roaming\Python\Python314\site-packages\flask\app.py", line 1455, in wsgi_app
    response = self.full_dispatch_request()
  File "C:\Users\PC\AppData\Roaming\Python\Python314\site-packages\flask\app.py", line 869, in full_dispatch_request
    rv = self.handle_user_exception(e)
  File "C:\Users\PC\AppData\Roaming\Python\Python314\site-packages\flask\app.py", line 867, in full_dispatch_request
    rv = self.dispatch_request()
  File "C:\Users\PC\AppData\Roaming\Python\Python314\site-packages\flask\app.py", line 852, in dispatch_request
    return self.ensure_sync(self.view_functions[rule.endpoint])(**view_args)
           ~~~~~~~~~~~~~~~~~~~~~~~~~~~~~~~~~~~~~~~~~~~~~~~~~~~~^^^^^^^^^^^^^
  File "E:\test_claude\fanren_monitor\app.py", line 102, in get_realtime
    count = int(result.get("data", {}).get("total", 0))
ValueError: invalid literal for int() with base 10: '1000+'
127.0.0.1 - - [25/Aug/2026 09:00:46] "GET /api/realtime?aid=117134831126411&cid=41140749603 HTTP/1.1" 500 -
127.0.0.1 - - [25/Aug/2026 09:01:16] "GET /api/trend?aid=117134831126411 HTTP/1.1" 200 -
[2026-08-25 09:01:16,790] ERROR in app: Exception on /api/realtime [GET]
Traceback (most recent call last):
  File "C:\Users\PC\AppData\Roaming\Python\Python314\site-packages\flask\app.py", line 1455, in wsgi_app
    response = self.full_dispatch_request()
  File "C:\Users\PC\AppData\Roaming\Python\Python314\site-packages\flask\app.py", line 869, in full_dispatch_request
    rv = self.handle_user_exception(e)
  File "C:\Users\PC\AppData\Roaming\Python\Python314\site-packages\flask\app.py", line 867, in full_dispatch_request
    rv = self.dispatch_request()
  File "C:\Users\PC\AppData\Roaming\Python\Python314\site-packages\flask\app.py", line 852, in dispatch_request
    return self.ensure_sync(self.view_functions[rule.endpoint])(**view_args)
           ~~~~~~~~~~~~~~~~~~~~~~~~~~~~~~~~~~~~~~~~~~~~~~~~~~~~^^^^^^^^^^^^^
  File "E:\test_claude\fanren_monitor\app.py", line 102, in get_realtime
    count = int(result.get("data", {}).get("total", 0))
ValueError: invalid literal for int() with base 10: '1000+'
127.0.0.1 - - [25/Aug/2026 09:01:16] "GET /api/realtime?aid=117134831126411&cid=41140749603 HTTP/1.1" 500 -
127.0.0.1 - - [25/Aug/2026 09:01:46] "GET /api/trend?aid=117134831126411 HTTP/1.1" 200 -
[2026-08-25 09:01:46,787] ERROR in app: Exception on /api/realtime [GET]
Traceback (most recent call last):
  File "C:\Users\PC\AppData\Roaming\Python\Python314\site-packages\flask\app.py", line 1455, in wsgi_app
    response = self.full_dispatch_request()
  File "C:\Users\PC\AppData\Roaming\Python\Python314\site-packages\flask\app.py", line 869, in full_dispatch_request
    rv = self.handle_user_exception(e)
  File "C:\Users\PC\AppData\Roaming\Python\Python314\site-packages\flask\app.py", line 867, in full_dispatch_request
    rv = self.dispatch_request()
  File "C:\Users\PC\AppData\Roaming\Python\Python314\site-packages\flask\app.py", line 852, in dispatch_request
    return self.ensure_sync(self.view_functions[rule.endpoint])(**view_args)
           ~~~~~~~~~~~~~~~~~~~~~~~~~~~~~~~~~~~~~~~~~~~~~~~~~~~~^^^^^^^^^^^^^
  File "E:\test_claude\fanren_monitor\app.py", line 102, in get_realtime
    count = int(result.get("data", {}).get("total", 0))
ValueError: invalid literal for int() with base 10: '1000+'
127.0.0.1 - - [25/Aug/2026 09:01:46] "GET /api/realtime?aid=117134831126411&cid=41140749603 HTTP/1.1" 500 -
127.0.0.1 - - [25/Aug/2026 09:02:16] "GET /api/trend?aid=117134831126411 HTTP/1.1" 200 -
[2026-08-25 09:02:16,798] ERROR in app: Exception on /api/realtime [GET]
Traceback (most recent call last):
  File "C:\Users\PC\AppData\Roaming\Python\Python314\site-packages\flask\app.py", line 1455, in wsgi_app
    response = self.full_dispatch_request()
  File "C:\Users\PC\AppData\Roaming\Python\Python314\site-packages\flask\app.py", line 869, in full_dispatch_request
    rv = self.handle_user_exception(e)
  File "C:\Users\PC\AppData\Roaming\Python\Python314\site-packages\flask\app.py", line 867, in full_dispatch_request
    rv = self.dispatch_request()
  File "C:\Users\PC\AppData\Roaming\Python\Python314\site-packages\flask\app.py", line 852, in dispatch_request
    return self.ensure_sync(self.view_functions[rule.endpoint])(**view_args)
           ~~~~~~~~~~~~~~~~~~~~~~~~~~~~~~~~~~~~~~~~~~~~~~~~~~~~^^^^^^^^^^^^^
  File "E:\test_claude\fanren_monitor\app.py", line 102, in get_realtime
    count = int(result.get("data", {}).get("total", 0))
ValueError: invalid literal for int() with base 10: '1000+'
127.0.0.1 - - [25/Aug/2026 09:02:16] "GET /api/realtime?aid=117134831126411&cid=41140749603 HTTP/1.1" 500 -
127.0.0.1 - - [25/Aug/2026 09:02:46] "GET /api/trend?aid=117134831126411 HTTP/1.1" 200 -
[2026-08-25 09:02:46,797] ERROR in app: Exception on /api/realtime [GET]
Traceback (most recent call last):
  File "C:\Users\PC\AppData\Roaming\Python\Python314\site-packages\flask\app.py", line 1455, in wsgi_app
    response = self.full_dispatch_request()
  File "C:\Users\PC\AppData\Roaming\Python\Python314\site-packages\flask\app.py", line 869, in full_dispatch_request
    rv = self.handle_user_exception(e)
  File "C:\Users\PC\AppData\Roaming\Python\Python314\site-packages\flask\app.py", line 867, in full_dispatch_request
    rv = self.dispatch_request()
  File "C:\Users\PC\AppData\Roaming\Python\Python314\site-packages\flask\app.py", line 852, in dispatch_request
    return self.ensure_sync(self.view_functions[rule.endpoint])(**view_args)
           ~~~~~~~~~~~~~~~~~~~~~~~~~~~~~~~~~~~~~~~~~~~~~~~~~~~~^^^^^^^^^^^^^
  File "E:\test_claude\fanren_monitor\app.py", line 102, in get_realtime
    count = int(result.get("data", {}).get("total", 0))
ValueError: invalid literal for int() with base 10: '1000+'
127.0.0.1 - - [25/Aug/2026 09:02:46] "GET /api/realtime?aid=117134831126411&cid=41140749603 HTTP/1.1" 500 -
127.0.0.1 - - [25/Aug/2026 09:03:16] "GET /api/trend?aid=117134831126411 HTTP/1.1" 200 -
[2026-08-25 09:03:16,829] ERROR in app: Exception on /api/realtime [GET]
Traceback (most recent call last):
  File "C:\Users\PC\AppData\Roaming\Python\Python314\site-packages\flask\app.py", line 1455, in wsgi_app
    response = self.full_dispatch_request()
  File "C:\Users\PC\AppData\Roaming\Python\Python314\site-packages\flask\app.py", line 869, in full_dispatch_request
    rv = self.handle_user_exception(e)
  File "C:\Users\PC\AppData\Roaming\Python\Python314\site-packages\flask\app.py", line 867, in full_dispatch_request
    rv = self.dispatch_request()
  File "C:\Users\PC\AppData\Roaming\Python\Python314\site-packages\flask\app.py", line 852, in dispatch_request
    return self.ensure_sync(self.view_functions[rule.endpoint])(**view_args)
           ~~~~~~~~~~~~~~~~~~~~~~~~~~~~~~~~~~~~~~~~~~~~~~~~~~~~^^^^^^^^^^^^^
  File "E:\test_claude\fanren_monitor\app.py", line 102, in get_realtime
    count = int(result.get("data", {}).get("total", 0))
ValueError: invalid literal for int() with base 10: '1000+'
127.0.0.1 - - [25/Aug/2026 09:03:16] "GET /api/realtime?aid=117134831126411&cid=41140749603 HTTP/1.1" 500 -
127.0.0.1 - - [25/Aug/2026 09:03:46] "GET /api/trend?aid=117134831126411 HTTP/1.1" 200 -
[2026-08-25 09:03:46,808] ERROR in app: Exception on /api/realtime [GET]
Traceback (most recent call last):
  File "C:\Users\PC\AppData\Roaming\Python\Python314\site-packages\flask\app.py", line 1455, in wsgi_app
    response = self.full_dispatch_request()
  File "C:\Users\PC\AppData\Roaming\Python\Python314\site-packages\flask\app.py", line 869, in full_dispatch_request
    rv = self.handle_user_exception(e)
  File "C:\Users\PC\AppData\Roaming\Python\Python314\site-packages\flask\app.py", line 867, in full_dispatch_request
    rv = self.dispatch_request()
  File "C:\Users\PC\AppData\Roaming\Python\Python314\site-packages\flask\app.py", line 852, in dispatch_request
    return self.ensure_sync(self.view_functions[rule.endpoint])(**view_args)
           ~~~~~~~~~~~~~~~~~~~~~~~~~~~~~~~~~~~~~~~~~~~~~~~~~~~~^^^^^^^^^^^^^
  File "E:\test_claude\fanren_monitor\app.py", line 102, in get_realtime
    count = int(result.get("data", {}).get("total", 0))
ValueError: invalid literal for int() with base 10: '1000+'
127.0.0.1 - - [25/Aug/2026 09:03:46] "GET /api/realtime?aid=117134831126411&cid=41140749603 HTTP/1.1" 500 -
127.0.0.1 - - [25/Aug/2026 09:04:16] "GET /api/trend?aid=117134831126411 HTTP/1.1" 200 -
127.0.0.1 - - [25/Aug/2026 09:04:17] "GET /api/realtime?aid=117134831126411&cid=41140749603 HTTP/1.1" 200 -
127.0.0.1 - - [25/Aug/2026 09:04:46] "GET /api/trend?aid=117134831126411 HTTP/1.1" 200 -
127.0.0.1 - - [25/Aug/2026 09:04:47] "GET /api/realtime?aid=117134831126411&cid=41140749603 HTTP/1.1" 200 -
127.0.0.1 - - [25/Aug/2026 09:05:16] "GET /api/trend?aid=117134831126411 HTTP/1.1" 200 -
127.0.0.1 - - [25/Aug/2026 09:05:17] "GET /api/realtime?aid=117134831126411&cid=41140749603 HTTP/1.1" 200 -
127.0.0.1 - - [25/Aug/2026 09:05:46] "GET /api/trend?aid=117134831126411 HTTP/1.1" 200 -
127.0.0.1 - - [25/Aug/2026 09:05:47] "GET /api/realtime?aid=117134831126411&cid=41140749603 HTTP/1.1" 200 -
127.0.0.1 - - [25/Aug/2026 09:06:16] "GET /api/trend?aid=117134831126411 HTTP/1.1" 200 -
127.0.0.1 - - [25/Aug/2026 09:06:17] "GET /api/realtime?aid=117134831126411&cid=41140749603 HTTP/1.1" 200 -
127.0.0.1 - - [25/Aug/2026 09:06:46] "GET /api/trend?aid=117134831126411 HTTP/1.1" 200 -
127.0.0.1 - - [25/Aug/2026 09:06:47] "GET /api/realtime?aid=117134831126411&cid=41140749603 HTTP/1.1" 200 -
127.0.0.1 - - [25/Aug/2026 09:07:16] "GET /api/trend?aid=117134831126411 HTTP/1.1" 200 -
127.0.0.1 - - [25/Aug/2026 09:07:17] "GET /api/realtime?aid=117134831126411&cid=41140749603 HTTP/1.1" 200 -
127.0.0.1 - - [25/Aug/2026 09:07:46] "GET /api/trend?aid=117134831126411 HTTP/1.1" 200 -
127.0.0.1 - - [25/Aug/2026 09:07:47] "GET /api/realtime?aid=117134831126411&cid=41140749603 HTTP/1.1" 200 -
127.0.0.1 - - [25/Aug/2026 09:08:16] "GET /api/trend?aid=117134831126411 HTTP/1.1" 200 -
127.0.0.1 - - [25/Aug/2026 09:08:17] "GET /api/realtime?aid=117134831126411&cid=41140749603 HTTP/1.1" 200 -
127.0.0.1 - - [25/Aug/2026 09:08:46] "GET /api/trend?aid=117134831126411 HTTP/1.1" 200 -
127.0.0.1 - - [25/Aug/2026 09:08:47] "GET /api/realtime?aid=117134831126411&cid=41140749603 HTTP/1.1" 200 -
127.0.0.1 - - [25/Aug/2026 09:09:16] "GET /api/trend?aid=117134831126411 HTTP/1.1" 200 -
127.0.0.1 - - [25/Aug/2026 09:09:17] "GET /api/realtime?aid=117134831126411&cid=41140749603 HTTP/1.1" 200 -
127.0.0.1 - - [25/Aug/2026 09:09:46] "GET /api/trend?aid=117134831126411 HTTP/1.1" 200 -
127.0.0.1 - - [25/Aug/2026 09:09:47] "GET /api/realtime?aid=117134831126411&cid=41140749603 HTTP/1.1" 200 -
127.0.0.1 - - [25/Aug/2026 09:10:16] "GET /api/trend?aid=117134831126411 HTTP/1.1" 200 -
127.0.0.1 - - [25/Aug/2026 09:10:17] "GET /api/realtime?aid=117134831126411&cid=41140749603 HTTP/1.1" 200 -
127.0.0.1 - - [25/Aug/2026 09:10:46] "GET /api/trend?aid=117134831126411 HTTP/1.1" 200 -
127.0.0.1 - - [25/Aug/2026 09:10:47] "GET /api/realtime?aid=117134831126411&cid=41140749603 HTTP/1.1" 200 -
127.0.0.1 - - [25/Aug/2026 09:11:16] "GET /api/trend?aid=117134831126411 HTTP/1.1" 200 -
127.0.0.1 - - [25/Aug/2026 09:11:17] "GET /api/realtime?aid=117134831126411&cid=41140749603 HTTP/1.1" 200 -
127.0.0.1 - - [25/Aug/2026 09:11:46] "GET /api/trend?aid=117134831126411 HTTP/1.1" 200 -
127.0.0.1 - - [25/Aug/2026 09:11:47] "GET /api/realtime?aid=117134831126411&cid=41140749603 HTTP/1.1" 200 -
127.0.0.1 - - [25/Aug/2026 09:12:16] "GET /api/trend?aid=117134831126411 HTTP/1.1" 200 -
127.0.0.1 - - [25/Aug/2026 09:12:17] "GET /api/realtime?aid=117134831126411&cid=41140749603 HTTP/1.1" 200 -
127.0.0.1 - - [25/Aug/2026 09:12:46] "GET /api/trend?aid=117134831126411 HTTP/1.1" 200 -
127.0.0.1 - - [25/Aug/2026 09:12:47] "GET /api/realtime?aid=117134831126411&cid=41140749603 HTTP/1.1" 200 -
127.0.0.1 - - [25/Aug/2026 09:13:16] "GET /api/trend?aid=117134831126411 HTTP/1.1" 200 -
127.0.0.1 - - [25/Aug/2026 09:13:17] "GET /api/realtime?aid=117134831126411&cid=41140749603 HTTP/1.1" 200 -
127.0.0.1 - - [25/Aug/2026 09:13:46] "GET /api/trend?aid=117134831126411 HTTP/1.1" 200 -
127.0.0.1 - - [25/Aug/2026 09:13:47] "GET /api/realtime?aid=117134831126411&cid=41140749603 HTTP/1.1" 200 -
127.0.0.1 - - [25/Aug/2026 09:14:16] "GET /api/trend?aid=117134831126411 HTTP/1.1" 200 -
127.0.0.1 - - [25/Aug/2026 09:14:17] "GET /api/realtime?aid=117134831126411&cid=41140749603 HTTP/1.1" 200 -
127.0.0.1 - - [25/Aug/2026 09:14:46] "GET /api/trend?aid=117134831126411 HTTP/1.1" 200 -
127.0.0.1 - - [25/Aug/2026 09:14:47] "GET /api/realtime?aid=117134831126411&cid=41140749603 HTTP/1.1" 200 -
127.0.0.1 - - [25/Aug/2026 09:15:16] "GET /api/trend?aid=117134831126411 HTTP/1.1" 200 -
127.0.0.1 - - [25/Aug/2026 09:15:17] "GET /api/realtime?aid=117134831126411&cid=41140749603 HTTP/1.1" 200 -
127.0.0.1 - - [25/Aug/2026 09:15:46] "GET /api/trend?aid=117134831126411 HTTP/1.1" 200 -
127.0.0.1 - - [25/Aug/2026 09:15:47] "GET /api/realtime?aid=117134831126411&cid=41140749603 HTTP/1.1" 200 -
127.0.0.1 - - [25/Aug/2026 09:16:16] "GET /api/trend?aid=117134831126411 HTTP/1.1" 200 -
127.0.0.1 - - [25/Aug/2026 09:16:17] "GET /api/realtime?aid=117134831126411&cid=41140749603 HTTP/1.1" 200 -
127.0.0.1 - - [25/Aug/2026 09:16:46] "GET /api/trend?aid=117134831126411 HTTP/1.1" 200 -
127.0.0.1 - - [25/Aug/2026 09:16:47] "GET /api/realtime?aid=117134831126411&cid=41140749603 HTTP/1.1" 200 -
127.0.0.1 - - [25/Aug/2026 09:17:16] "GET /api/trend?aid=117134831126411 HTTP/1.1" 200 -
127.0.0.1 - - [25/Aug/2026 09:17:17] "GET /api/realtime?aid=117134831126411&cid=41140749603 HTTP/1.1" 200 -
127.0.0.1 - - [25/Aug/2026 09:17:46] "GET /api/trend?aid=117134831126411 HTTP/1.1" 200 -
127.0.0.1 - - [25/Aug/2026 09:17:47] "GET /api/realtime?aid=117134831126411&cid=41140749603 HTTP/1.1" 200 -
127.0.0.1 - - [25/Aug/2026 09:18:16] "GET /api/trend?aid=117134831126411 HTTP/1.1" 200 -
127.0.0.1 - - [25/Aug/2026 09:18:17] "GET /api/realtime?aid=117134831126411&cid=41140749603 HTTP/1.1" 200 -
127.0.0.1 - - [25/Aug/2026 09:18:46] "GET /api/trend?aid=117134831126411 HTTP/1.1" 200 -
127.0.0.1 - - [25/Aug/2026 09:18:47] "GET /api/realtime?aid=117134831126411&cid=41140749603 HTTP/1.1" 200 -
127.0.0.1 - - [25/Aug/2026 09:19:16] "GET /api/trend?aid=117134831126411 HTTP/1.1" 200 -
127.0.0.1 - - [25/Aug/2026 09:19:17] "GET /api/realtime?aid=117134831126411&cid=41140749603 HTTP/1.1" 200 -
127.0.0.1 - - [25/Aug/2026 09:19:46] "GET /api/trend?aid=117134831126411 HTTP/1.1" 200 -
127.0.0.1 - - [25/Aug/2026 09:19:47] "GET /api/realtime?aid=117134831126411&cid=41140749603 HTTP/1.1" 200 -
127.0.0.1 - - [25/Aug/2026 09:20:16] "GET /api/trend?aid=117134831126411 HTTP/1.1" 200 -
127.0.0.1 - - [25/Aug/2026 09:20:17] "GET /api/realtime?aid=117134831126411&cid=41140749603 HTTP/1.1" 200 -
127.0.0.1 - - [25/Aug/2026 09:20:46] "GET /api/trend?aid=117134831126411 HTTP/1.1" 200 -
127.0.0.1 - - [25/Aug/2026 09:20:47] "GET /api/realtime?aid=117134831126411&cid=41140749603 HTTP/1.1" 200 -
127.0.0.1 - - [25/Aug/2026 09:21:16] "GET /api/trend?aid=117134831126411 HTTP/1.1" 200 -
127.0.0.1 - - [25/Aug/2026 09:21:17] "GET /api/realtime?aid=117134831126411&cid=41140749603 HTTP/1.1" 200 -
127.0.0.1 - - [25/Aug/2026 09:21:46] "GET /api/trend?aid=117134831126411 HTTP/1.1" 200 -
127.0.0.1 - - [25/Aug/2026 09:21:47] "GET /api/realtime?aid=117134831126411&cid=41140749603 HTTP/1.1" 200 -
127.0.0.1 - - [25/Aug/2026 09:22:16] "GET /api/trend?aid=117134831126411 HTTP/1.1" 200 -
127.0.0.1 - - [25/Aug/2026 09:22:17] "GET /api/realtime?aid=117134831126411&cid=41140749603 HTTP/1.1" 200 -
127.0.0.1 - - [25/Aug/2026 09:22:46] "GET /api/trend?aid=117134831126411 HTTP/1.1" 200 -
127.0.0.1 - - [25/Aug/2026 09:22:47] "GET /api/realtime?aid=117134831126411&cid=41140749603 HTTP/1.1" 200 -
127.0.0.1 - - [25/Aug/2026 09:23:16] "GET /api/trend?aid=117134831126411 HTTP/1.1" 200 -
127.0.0.1 - - [25/Aug/2026 09:23:17] "GET /api/realtime?aid=117134831126411&cid=41140749603 HTTP/1.1" 200 -
127.0.0.1 - - [25/Aug/2026 09:23:46] "GET /api/trend?aid=117134831126411 HTTP/1.1" 200 -
127.0.0.1 - - [25/Aug/2026 09:23:47] "GET /api/realtime?aid=117134831126411&cid=41140749603 HTTP/1.1" 200 -
127.0.0.1 - - [25/Aug/2026 09:24:16] "GET /api/trend?aid=117134831126411 HTTP/1.1" 200 -
127.0.0.1 - - [25/Aug/2026 09:24:17] "GET /api/realtime?aid=117134831126411&cid=41140749603 HTTP/1.1" 200 -
127.0.0.1 - - [25/Aug/2026 09:24:46] "GET /api/trend?aid=117134831126411 HTTP/1.1" 200 -
127.0.0.1 - - [25/Aug/2026 09:24:47] "GET /api/realtime?aid=117134831126411&cid=41140749603 HTTP/1.1" 200 -
127.0.0.1 - - [25/Aug/2026 09:25:16] "GET /api/trend?aid=117134831126411 HTTP/1.1" 200 -
127.0.0.1 - - [25/Aug/2026 09:25:17] "GET /api/realtime?aid=117134831126411&cid=41140749603 HTTP/1.1" 200 -
127.0.0.1 - - [25/Aug/2026 09:25:46] "GET /api/trend?aid=117134831126411 HTTP/1.1" 200 -
127.0.0.1 - - [25/Aug/2026 09:25:47] "GET /api/realtime?aid=117134831126411&cid=41140749603 HTTP/1.1" 200 -
127.0.0.1 - - [25/Aug/2026 09:26:16] "GET /api/trend?aid=117134831126411 HTTP/1.1" 200 -
127.0.0.1 - - [25/Aug/2026 09:26:17] "GET /api/realtime?aid=117134831126411&cid=41140749603 HTTP/1.1" 200 -
127.0.0.1 - - [25/Aug/2026 09:26:46] "GET /api/trend?aid=117134831126411 HTTP/1.1" 200 -
127.0.0.1 - - [25/Aug/2026 09:26:47] "GET /api/realtime?aid=117134831126411&cid=41140749603 HTTP/1.1" 200 -
127.0.0.1 - - [25/Aug/2026 09:27:16] "GET /api/trend?aid=117134831126411 HTTP/1.1" 200 -
127.0.0.1 - - [25/Aug/2026 09:27:17] "GET /api/realtime?aid=117134831126411&cid=41140749603 HTTP/1.1" 200 -
127.0.0.1 - - [25/Aug/2026 09:27:46] "GET /api/trend?aid=117134831126411 HTTP/1.1" 200 -
127.0.0.1 - - [25/Aug/2026 09:27:47] "GET /api/realtime?aid=117134831126411&cid=41140749603 HTTP/1.1" 200 -
127.0.0.1 - - [25/Aug/2026 09:28:16] "GET /api/trend?aid=117134831126411 HTTP/1.1" 200 -
127.0.0.1 - - [25/Aug/2026 09:28:17] "GET /api/realtime?aid=117134831126411&cid=41140749603 HTTP/1.1" 200 -
127.0.0.1 - - [25/Aug/2026 09:28:46] "GET /api/trend?aid=117134831126411 HTTP/1.1" 200 -
127.0.0.1 - - [25/Aug/2026 09:28:47] "GET /api/realtime?aid=117134831126411&cid=41140749603 HTTP/1.1" 200 -
127.0.0.1 - - [25/Aug/2026 09:29:16] "GET /api/trend?aid=117134831126411 HTTP/1.1" 200 -
127.0.0.1 - - [25/Aug/2026 09:29:17] "GET /api/realtime?aid=117134831126411&cid=41140749603 HTTP/1.1" 200 -
127.0.0.1 - - [25/Aug/2026 09:29:46] "GET /api/trend?aid=117134831126411 HTTP/1.1" 200 -
127.0.0.1 - - [25/Aug/2026 09:29:47] "GET /api/realtime?aid=117134831126411&cid=41140749603 HTTP/1.1" 200 -
127.0.0.1 - - [25/Aug/2026 09:30:16] "GET /api/trend?aid=117134831126411 HTTP/1.1" 200 -
127.0.0.1 - - [25/Aug/2026 09:30:17] "GET /api/realtime?aid=117134831126411&cid=41140749603 HTTP/1.1" 200 -
127.0.0.1 - - [25/Aug/2026 09:30:46] "GET /api/trend?aid=117134831126411 HTTP/1.1" 200 -
127.0.0.1 - - [25/Aug/2026 09:30:47] "GET /api/realtime?aid=117134831126411&cid=41140749603 HTTP/1.1" 200 -
127.0.0.1 - - [25/Aug/2026 09:31:16] "GET /api/trend?aid=117134831126411 HTTP/1.1" 200 -
127.0.0.1 - - [25/Aug/2026 09:31:17] "GET /api/realtime?aid=117134831126411&cid=41140749603 HTTP/1.1" 200 -
127.0.0.1 - - [25/Aug/2026 09:31:46] "GET /api/trend?aid=117134831126411 HTTP/1.1" 200 -
127.0.0.1 - - [25/Aug/2026 09:31:47] "GET /api/realtime?aid=117134831126411&cid=41140749603 HTTP/1.1" 200 -
127.0.0.1 - - [25/Aug/2026 09:32:16] "GET /api/trend?aid=117134831126411 HTTP/1.1" 200 -
127.0.0.1 - - [25/Aug/2026 09:32:17] "GET /api/realtime?aid=117134831126411&cid=41140749603 HTTP/1.1" 200 -
127.0.0.1 - - [25/Aug/2026 09:32:46] "GET /api/trend?aid=117134831126411 HTTP/1.1" 200 -
127.0.0.1 - - [25/Aug/2026 09:32:47] "GET /api/realtime?aid=117134831126411&cid=41140749603 HTTP/1.1" 200 -
127.0.0.1 - - [25/Aug/2026 09:33:16] "GET /api/trend?aid=117134831126411 HTTP/1.1" 200 -
127.0.0.1 - - [25/Aug/2026 09:33:17] "GET /api/realtime?aid=117134831126411&cid=41140749603 HTTP/1.1" 200 -
127.0.0.1 - - [25/Aug/2026 09:33:46] "GET /api/trend?aid=117134831126411 HTTP/1.1" 200 -
127.0.0.1 - - [25/Aug/2026 09:33:47] "GET /api/realtime?aid=117134831126411&cid=41140749603 HTTP/1.1" 200 -
127.0.0.1 - - [25/Aug/2026 09:34:16] "GET /api/trend?aid=117134831126411 HTTP/1.1" 200 -
127.0.0.1 - - [25/Aug/2026 09:34:17] "GET /api/realtime?aid=117134831126411&cid=41140749603 HTTP/1.1" 200 -
127.0.0.1 - - [25/Aug/2026 09:34:46] "GET /api/trend?aid=117134831126411 HTTP/1.1" 200 -
127.0.0.1 - - [25/Aug/2026 09:34:47] "GET /api/realtime?aid=117134831126411&cid=41140749603 HTTP/1.1" 200 -
127.0.0.1 - - [25/Aug/2026 09:35:16] "GET /api/trend?aid=117134831126411 HTTP/1.1" 200 -
127.0.0.1 - - [25/Aug/2026 09:35:17] "GET /api/realtime?aid=117134831126411&cid=41140749603 HTTP/1.1" 200 -
127.0.0.1 - - [25/Aug/2026 09:35:46] "GET /api/trend?aid=117134831126411 HTTP/1.1" 200 -
127.0.0.1 - - [25/Aug/2026 09:35:47] "GET /api/realtime?aid=117134831126411&cid=41140749603 HTTP/1.1" 200 -
127.0.0.1 - - [25/Aug/2026 09:36:16] "GET /api/trend?aid=117134831126411 HTTP/1.1" 200 -
127.0.0.1 - - [25/Aug/2026 09:36:17] "GET /api/realtime?aid=117134831126411&cid=41140749603 HTTP/1.1" 200 -
127.0.0.1 - - [25/Aug/2026 09:36:46] "GET /api/trend?aid=117134831126411 HTTP/1.1" 200 -
127.0.0.1 - - [25/Aug/2026 09:36:47] "GET /api/realtime?aid=117134831126411&cid=41140749603 HTTP/1.1" 200 -
127.0.0.1 - - [25/Aug/2026 09:37:16] "GET /api/trend?aid=117134831126411 HTTP/1.1" 200 -
127.0.0.1 - - [25/Aug/2026 09:37:17] "GET /api/realtime?aid=117134831126411&cid=41140749603 HTTP/1.1" 200 -
127.0.0.1 - - [25/Aug/2026 09:37:46] "GET /api/trend?aid=117134831126411 HTTP/1.1" 200 -
127.0.0.1 - - [25/Aug/2026 09:37:47] "GET /api/realtime?aid=117134831126411&cid=41140749603 HTTP/1.1" 200 -
127.0.0.1 - - [25/Aug/2026 09:38:16] "GET /api/trend?aid=117134831126411 HTTP/1.1" 200 -
127.0.0.1 - - [25/Aug/2026 09:38:17] "GET /api/realtime?aid=117134831126411&cid=41140749603 HTTP/1.1" 200 -
127.0.0.1 - - [25/Aug/2026 09:38:46] "GET /api/trend?aid=117134831126411 HTTP/1.1" 200 -
127.0.0.1 - - [25/Aug/2026 09:38:47] "GET /api/realtime?aid=117134831126411&cid=41140749603 HTTP/1.1" 200 -
127.0.0.1 - - [25/Aug/2026 09:39:16] "GET /api/trend?aid=117134831126411 HTTP/1.1" 200 -
127.0.0.1 - - [25/Aug/2026 09:39:17] "GET /api/realtime?aid=117134831126411&cid=41140749603 HTTP/1.1" 200 -
127.0.0.1 - - [25/Aug/2026 09:39:46] "GET /api/trend?aid=117134831126411 HTTP/1.1" 200 -
127.0.0.1 - - [25/Aug/2026 09:39:47] "GET /api/realtime?aid=117134831126411&cid=41140749603 HTTP/1.1" 200 -
127.0.0.1 - - [25/Aug/2026 09:40:16] "GET /api/trend?aid=117134831126411 HTTP/1.1" 200 -
127.0.0.1 - - [25/Aug/2026 09:40:17] "GET /api/realtime?aid=117134831126411&cid=41140749603 HTTP/1.1" 200 -
127.0.0.1 - - [25/Aug/2026 09:40:46] "GET /api/trend?aid=117134831126411 HTTP/1.1" 200 -
127.0.0.1 - - [25/Aug/2026 09:40:47] "GET /api/realtime?aid=117134831126411&cid=41140749603 HTTP/1.1" 200 -
127.0.0.1 - - [25/Aug/2026 09:41:16] "GET /api/trend?aid=117134831126411 HTTP/1.1" 200 -
127.0.0.1 - - [25/Aug/2026 09:41:17] "GET /api/realtime?aid=117134831126411&cid=41140749603 HTTP/1.1" 200 -
127.0.0.1 - - [25/Aug/2026 09:41:46] "GET /api/trend?aid=117134831126411 HTTP/1.1" 200 -
127.0.0.1 - - [25/Aug/2026 09:41:47] "GET /api/realtime?aid=117134831126411&cid=41140749603 HTTP/1.1" 200 -
127.0.0.1 - - [25/Aug/2026 09:42:16] "GET /api/trend?aid=117134831126411 HTTP/1.1" 200 -
127.0.0.1 - - [25/Aug/2026 09:42:17] "GET /api/realtime?aid=117134831126411&cid=41140749603 HTTP/1.1" 200 -
127.0.0.1 - - [25/Aug/2026 09:42:46] "GET /api/trend?aid=117134831126411 HTTP/1.1" 200 -
127.0.0.1 - - [25/Aug/2026 09:42:47] "GET /api/realtime?aid=117134831126411&cid=41140749603 HTTP/1.1" 200 -
127.0.0.1 - - [25/Aug/2026 09:43:16] "GET /api/trend?aid=117134831126411 HTTP/1.1" 200 -
127.0.0.1 - - [25/Aug/2026 09:43:17] "GET /api/realtime?aid=117134831126411&cid=41140749603 HTTP/1.1" 200 -
127.0.0.1 - - [25/Aug/2026 09:43:46] "GET /api/trend?aid=117134831126411 HTTP/1.1" 200 -
127.0.0.1 - - [25/Aug/2026 09:43:47] "GET /api/realtime?aid=117134831126411&cid=41140749603 HTTP/1.1" 200 -
127.0.0.1 - - [25/Aug/2026 09:44:16] "GET /api/trend?aid=117134831126411 HTTP/1.1" 200 -
127.0.0.1 - - [25/Aug/2026 09:44:17] "GET /api/realtime?aid=117134831126411&cid=41140749603 HTTP/1.1" 200 -
127.0.0.1 - - [25/Aug/2026 09:44:46] "GET /api/trend?aid=117134831126411 HTTP/1.1" 200 -
127.0.0.1 - - [25/Aug/2026 09:44:47] "GET /api/realtime?aid=117134831126411&cid=41140749603 HTTP/1.1" 200 -
127.0.0.1 - - [25/Aug/2026 09:45:16] "GET /api/trend?aid=117134831126411 HTTP/1.1" 200 -
127.0.0.1 - - [25/Aug/2026 09:45:17] "GET /api/realtime?aid=117134831126411&cid=41140749603 HTTP/1.1" 200 -
127.0.0.1 - - [25/Aug/2026 09:45:46] "GET /api/trend?aid=117134831126411 HTTP/1.1" 200 -
127.0.0.1 - - [25/Aug/2026 09:45:47] "GET /api/realtime?aid=117134831126411&cid=41140749603 HTTP/1.1" 200 -
127.0.0.1 - - [25/Aug/2026 09:46:16] "GET /api/trend?aid=117134831126411 HTTP/1.1" 200 -
127.0.0.1 - - [25/Aug/2026 09:46:17] "GET /api/realtime?aid=117134831126411&cid=41140749603 HTTP/1.1" 200 -
127.0.0.1 - - [25/Aug/2026 09:46:46] "GET /api/trend?aid=117134831126411 HTTP/1.1" 200 -
127.0.0.1 - - [25/Aug/2026 09:46:47] "GET /api/realtime?aid=117134831126411&cid=41140749603 HTTP/1.1" 200 -
127.0.0.1 - - [25/Aug/2026 09:47:16] "GET /api/trend?aid=117134831126411 HTTP/1.1" 200 -
127.0.0.1 - - [25/Aug/2026 09:47:17] "GET /api/realtime?aid=117134831126411&cid=41140749603 HTTP/1.1" 200 -
127.0.0.1 - - [25/Aug/2026 09:47:46] "GET /api/trend?aid=117134831126411 HTTP/1.1" 200 -
127.0.0.1 - - [25/Aug/2026 09:47:47] "GET /api/realtime?aid=117134831126411&cid=41140749603 HTTP/1.1" 200 -
127.0.0.1 - - [25/Aug/2026 09:48:16] "GET /api/trend?aid=117134831126411 HTTP/1.1" 200 -
127.0.0.1 - - [25/Aug/2026 09:48:17] "GET /api/realtime?aid=117134831126411&cid=41140749603 HTTP/1.1" 200 -
127.0.0.1 - - [25/Aug/2026 09:48:46] "GET /api/trend?aid=117134831126411 HTTP/1.1" 200 -
127.0.0.1 - - [25/Aug/2026 09:48:47] "GET /api/realtime?aid=117134831126411&cid=41140749603 HTTP/1.1" 200 -
127.0.0.1 - - [25/Aug/2026 09:49:16] "GET /api/trend?aid=117134831126411 HTTP/1.1" 200 -
127.0.0.1 - - [25/Aug/2026 09:49:17] "GET /api/realtime?aid=117134831126411&cid=41140749603 HTTP/1.1" 200 -
127.0.0.1 - - [25/Aug/2026 09:49:46] "GET /api/trend?aid=117134831126411 HTTP/1.1" 200 -
127.0.0.1 - - [25/Aug/2026 09:49:47] "GET /api/realtime?aid=117134831126411&cid=41140749603 HTTP/1.1" 200 -
127.0.0.1 - - [25/Aug/2026 09:50:16] "GET /api/trend?aid=117134831126411 HTTP/1.1" 200 -
127.0.0.1 - - [25/Aug/2026 09:50:17] "GET /api/realtime?aid=117134831126411&cid=41140749603 HTTP/1.1" 200 -
127.0.0.1 - - [25/Aug/2026 09:50:46] "GET /api/trend?aid=117134831126411 HTTP/1.1" 200 -
127.0.0.1 - - [25/Aug/2026 09:50:47] "GET /api/realtime?aid=117134831126411&cid=41140749603 HTTP/1.1" 200 -
127.0.0.1 - - [25/Aug/2026 09:51:16] "GET /api/trend?aid=117134831126411 HTTP/1.1" 200 -
127.0.0.1 - - [25/Aug/2026 09:51:17] "GET /api/realtime?aid=117134831126411&cid=41140749603 HTTP/1.1" 200 -
127.0.0.1 - - [25/Aug/2026 09:51:46] "GET /api/trend?aid=117134831126411 HTTP/1.1" 200 -
127.0.0.1 - - [25/Aug/2026 09:51:47] "GET /api/realtime?aid=117134831126411&cid=41140749603 HTTP/1.1" 200 -
127.0.0.1 - - [25/Aug/2026 09:52:16] "GET /api/trend?aid=117134831126411 HTTP/1.1" 200 -
127.0.0.1 - - [25/Aug/2026 09:52:17] "GET /api/realtime?aid=117134831126411&cid=41140749603 HTTP/1.1" 200 -
127.0.0.1 - - [25/Aug/2026 09:52:46] "GET /api/trend?aid=117134831126411 HTTP/1.1" 200 -
127.0.0.1 - - [25/Aug/2026 09:52:47] "GET /api/realtime?aid=117134831126411&cid=41140749603 HTTP/1.1" 200 -
127.0.0.1 - - [25/Aug/2026 09:53:16] "GET /api/trend?aid=117134831126411 HTTP/1.1" 200 -
127.0.0.1 - - [25/Aug/2026 09:53:17] "GET /api/realtime?aid=117134831126411&cid=41140749603 HTTP/1.1" 200 -
127.0.0.1 - - [25/Aug/2026 09:53:46] "GET /api/trend?aid=117134831126411 HTTP/1.1" 200 -
127.0.0.1 - - [25/Aug/2026 09:53:47] "GET /api/realtime?aid=117134831126411&cid=41140749603 HTTP/1.1" 200 -
127.0.0.1 - - [25/Aug/2026 09:54:16] "GET /api/trend?aid=117134831126411 HTTP/1.1" 200 -
127.0.0.1 - - [25/Aug/2026 09:54:17] "GET /api/realtime?aid=117134831126411&cid=41140749603 HTTP/1.1" 200 -
127.0.0.1 - - [25/Aug/2026 09:54:46] "GET /api/trend?aid=117134831126411 HTTP/1.1" 200 -
127.0.0.1 - - [25/Aug/2026 09:54:47] "GET /api/realtime?aid=117134831126411&cid=41140749603 HTTP/1.1" 200 -
127.0.0.1 - - [25/Aug/2026 09:55:16] "GET /api/trend?aid=117134831126411 HTTP/1.1" 200 -
127.0.0.1 - - [25/Aug/2026 09:55:17] "GET /api/realtime?aid=117134831126411&cid=41140749603 HTTP/1.1" 200 -
127.0.0.1 - - [25/Aug/2026 09:55:46] "GET /api/trend?aid=117134831126411 HTTP/1.1" 200 -
127.0.0.1 - - [25/Aug/2026 09:55:47] "GET /api/realtime?aid=117134831126411&cid=41140749603 HTTP/1.1" 200 -
127.0.0.1 - - [25/Aug/2026 09:56:16] "GET /api/trend?aid=117134831126411 HTTP/1.1" 200 -
127.0.0.1 - - [25/Aug/2026 09:56:17] "GET /api/realtime?aid=117134831126411&cid=41140749603 HTTP/1.1" 200 -
127.0.0.1 - - [25/Aug/2026 09:56:46] "GET /api/trend?aid=117134831126411 HTTP/1.1" 200 -
127.0.0.1 - - [25/Aug/2026 09:56:47] "GET /api/realtime?aid=117134831126411&cid=41140749603 HTTP/1.1" 200 -
127.0.0.1 - - [25/Aug/2026 09:57:16] "GET /api/trend?aid=117134831126411 HTTP/1.1" 200 -
127.0.0.1 - - [25/Aug/2026 09:57:17] "GET /api/realtime?aid=117134831126411&cid=41140749603 HTTP/1.1" 200 -
127.0.0.1 - - [25/Aug/2026 09:57:46] "GET /api/trend?aid=117134831126411 HTTP/1.1" 200 -
127.0.0.1 - - [25/Aug/2026 09:57:47] "GET /api/realtime?aid=117134831126411&cid=41140749603 HTTP/1.1" 200 -
127.0.0.1 - - [25/Aug/2026 09:58:16] "GET /api/trend?aid=117134831126411 HTTP/1.1" 200 -
127.0.0.1 - - [25/Aug/2026 09:58:17] "GET /api/realtime?aid=117134831126411&cid=41140749603 HTTP/1.1" 200 -
127.0.0.1 - - [25/Aug/2026 09:58:46] "GET /api/trend?aid=117134831126411 HTTP/1.1" 200 -
127.0.0.1 - - [25/Aug/2026 09:58:47] "GET /api/realtime?aid=117134831126411&cid=41140749603 HTTP/1.1" 200 -
127.0.0.1 - - [25/Aug/2026 09:59:16] "GET /api/trend?aid=117134831126411 HTTP/1.1" 200 -
127.0.0.1 - - [25/Aug/2026 09:59:17] "GET /api/realtime?aid=117134831126411&cid=41140749603 HTTP/1.1" 200 -
127.0.0.1 - - [25/Aug/2026 09:59:46] "GET /api/trend?aid=117134831126411 HTTP/1.1" 200 -
127.0.0.1 - - [25/Aug/2026 09:59:47] "GET /api/realtime?aid=117134831126411&cid=41140749603 HTTP/1.1" 200 -
127.0.0.1 - - [25/Aug/2026 10:00:16] "GET /api/trend?aid=117134831126411 HTTP/1.1" 200 -
127.0.0.1 - - [25/Aug/2026 10:00:17] "GET /api/realtime?aid=117134831126411&cid=41140749603 HTTP/1.1" 200 -
127.0.0.1 - - [25/Aug/2026 10:00:46] "GET /api/trend?aid=117134831126411 HTTP/1.1" 200 -
127.0.0.1 - - [25/Aug/2026 10:00:47] "GET /api/realtime?aid=117134831126411&cid=41140749603 HTTP/1.1" 200 -
127.0.0.1 - - [25/Aug/2026 10:01:16] "GET /api/trend?aid=117134831126411 HTTP/1.1" 200 -
127.0.0.1 - - [25/Aug/2026 10:01:17] "GET /api/realtime?aid=117134831126411&cid=41140749603 HTTP/1.1" 200 -
127.0.0.1 - - [25/Aug/2026 10:01:46] "GET /api/trend?aid=117134831126411 HTTP/1.1" 200 -
127.0.0.1 - - [25/Aug/2026 10:01:47] "GET /api/realtime?aid=117134831126411&cid=41140749603 HTTP/1.1" 200 -
127.0.0.1 - - [25/Aug/2026 10:02:16] "GET /api/trend?aid=117134831126411 HTTP/1.1" 200 -
127.0.0.1 - - [25/Aug/2026 10:02:17] "GET /api/realtime?aid=117134831126411&cid=41140749603 HTTP/1.1" 200 -
127.0.0.1 - - [25/Aug/2026 10:02:46] "GET /api/trend?aid=117134831126411 HTTP/1.1" 200 -
127.0.0.1 - - [25/Aug/2026 10:02:47] "GET /api/realtime?aid=117134831126411&cid=41140749603 HTTP/1.1" 200 -
127.0.0.1 - - [25/Aug/2026 10:03:16] "GET /api/trend?aid=117134831126411 HTTP/1.1" 200 -
127.0.0.1 - - [25/Aug/2026 10:03:17] "GET /api/realtime?aid=117134831126411&cid=41140749603 HTTP/1.1" 200 -
127.0.0.1 - - [25/Aug/2026 10:03:46] "GET /api/trend?aid=117134831126411 HTTP/1.1" 200 -
127.0.0.1 - - [25/Aug/2026 10:03:47] "GET /api/realtime?aid=117134831126411&cid=41140749603 HTTP/1.1" 200 -
127.0.0.1 - - [25/Aug/2026 10:04:16] "GET /api/trend?aid=117134831126411 HTTP/1.1" 200 -
127.0.0.1 - - [25/Aug/2026 10:04:17] "GET /api/realtime?aid=117134831126411&cid=41140749603 HTTP/1.1" 200 -
127.0.0.1 - - [25/Aug/2026 10:04:46] "GET /api/trend?aid=117134831126411 HTTP/1.1" 200 -
127.0.0.1 - - [25/Aug/2026 10:04:47] "GET /api/realtime?aid=117134831126411&cid=41140749603 HTTP/1.1" 200 -
127.0.0.1 - - [25/Aug/2026 10:05:16] "GET /api/trend?aid=117134831126411 HTTP/1.1" 200 -
127.0.0.1 - - [25/Aug/2026 10:05:17] "GET /api/realtime?aid=117134831126411&cid=41140749603 HTTP/1.1" 200 -
127.0.0.1 - - [25/Aug/2026 10:05:46] "GET /api/trend?aid=117134831126411 HTTP/1.1" 200 -
127.0.0.1 - - [25/Aug/2026 10:05:47] "GET /api/realtime?aid=117134831126411&cid=41140749603 HTTP/1.1" 200 -
127.0.0.1 - - [25/Aug/2026 10:06:16] "GET /api/trend?aid=117134831126411 HTTP/1.1" 200 -
127.0.0.1 - - [25/Aug/2026 10:06:17] "GET /api/realtime?aid=117134831126411&cid=41140749603 HTTP/1.1" 200 -
127.0.0.1 - - [25/Aug/2026 10:06:46] "GET /api/trend?aid=117134831126411 HTTP/1.1" 200 -
127.0.0.1 - - [25/Aug/2026 10:06:47] "GET /api/realtime?aid=117134831126411&cid=41140749603 HTTP/1.1" 200 -
127.0.0.1 - - [25/Aug/2026 10:07:16] "GET /api/trend?aid=117134831126411 HTTP/1.1" 200 -
127.0.0.1 - - [25/Aug/2026 10:07:17] "GET /api/realtime?aid=117134831126411&cid=41140749603 HTTP/1.1" 200 -
127.0.0.1 - - [25/Aug/2026 10:07:46] "GET /api/trend?aid=117134831126411 HTTP/1.1" 200 -
127.0.0.1 - - [25/Aug/2026 10:07:47] "GET /api/realtime?aid=117134831126411&cid=41140749603 HTTP/1.1" 200 -
127.0.0.1 - - [25/Aug/2026 10:08:16] "GET /api/trend?aid=117134831126411 HTTP/1.1" 200 -
127.0.0.1 - - [25/Aug/2026 10:08:17] "GET /api/realtime?aid=117134831126411&cid=41140749603 HTTP/1.1" 200 -
127.0.0.1 - - [25/Aug/2026 10:08:46] "GET /api/trend?aid=117134831126411 HTTP/1.1" 200 -
127.0.0.1 - - [25/Aug/2026 10:08:47] "GET /api/realtime?aid=117134831126411&cid=41140749603 HTTP/1.1" 200 -
127.0.0.1 - - [25/Aug/2026 10:09:16] "GET /api/trend?aid=117134831126411 HTTP/1.1" 200 -
127.0.0.1 - - [25/Aug/2026 10:09:17] "GET /api/realtime?aid=117134831126411&cid=41140749603 HTTP/1.1" 200 -
127.0.0.1 - - [25/Aug/2026 10:09:46] "GET /api/trend?aid=117134831126411 HTTP/1.1" 200 -
127.0.0.1 - - [25/Aug/2026 10:09:47] "GET /api/realtime?aid=117134831126411&cid=41140749603 HTTP/1.1" 200 -
127.0.0.1 - - [25/Aug/2026 10:10:16] "GET /api/trend?aid=117134831126411 HTTP/1.1" 200 -
127.0.0.1 - - [25/Aug/2026 10:10:17] "GET /api/realtime?aid=117134831126411&cid=41140749603 HTTP/1.1" 200 -
127.0.0.1 - - [25/Aug/2026 10:10:46] "GET /api/trend?aid=117134831126411 HTTP/1.1" 200 -
127.0.0.1 - - [25/Aug/2026 10:10:47] "GET /api/realtime?aid=117134831126411&cid=41140749603 HTTP/1.1" 200 -
127.0.0.1 - - [25/Aug/2026 10:11:16] "GET /api/trend?aid=117134831126411 HTTP/1.1" 200 -
127.0.0.1 - - [25/Aug/2026 10:11:17] "GET /api/realtime?aid=117134831126411&cid=41140749603 HTTP/1.1" 200 -
127.0.0.1 - - [25/Aug/2026 10:11:46] "GET /api/trend?aid=117134831126411 HTTP/1.1" 200 -
127.0.0.1 - - [25/Aug/2026 10:11:47] "GET /api/realtime?aid=117134831126411&cid=41140749603 HTTP/1.1" 200 -
127.0.0.1 - - [25/Aug/2026 10:12:16] "GET /api/trend?aid=117134831126411 HTTP/1.1" 200 -
127.0.0.1 - - [25/Aug/2026 10:12:17] "GET /api/realtime?aid=117134831126411&cid=41140749603 HTTP/1.1" 200 -
127.0.0.1 - - [25/Aug/2026 10:12:46] "GET /api/trend?aid=117134831126411 HTTP/1.1" 200 -
127.0.0.1 - - [25/Aug/2026 10:12:47] "GET /api/realtime?aid=117134831126411&cid=41140749603 HTTP/1.1" 200 -
127.0.0.1 - - [25/Aug/2026 10:13:16] "GET /api/trend?aid=117134831126411 HTTP/1.1" 200 -
127.0.0.1 - - [25/Aug/2026 10:13:17] "GET /api/realtime?aid=117134831126411&cid=41140749603 HTTP/1.1" 200 -
127.0.0.1 - - [25/Aug/2026 10:13:46] "GET /api/trend?aid=117134831126411 HTTP/1.1" 200 -
127.0.0.1 - - [25/Aug/2026 10:13:47] "GET /api/realtime?aid=117134831126411&cid=41140749603 HTTP/1.1" 200 -
127.0.0.1 - - [25/Aug/2026 10:14:16] "GET /api/trend?aid=117134831126411 HTTP/1.1" 200 -
127.0.0.1 - - [25/Aug/2026 10:14:17] "GET /api/realtime?aid=117134831126411&cid=41140749603 HTTP/1.1" 200 -
127.0.0.1 - - [25/Aug/2026 10:14:46] "GET /api/trend?aid=117134831126411 HTTP/1.1" 200 -
127.0.0.1 - - [25/Aug/2026 10:14:47] "GET /api/realtime?aid=117134831126411&cid=41140749603 HTTP/1.1" 200 -
127.0.0.1 - - [25/Aug/2026 10:15:16] "GET /api/trend?aid=117134831126411 HTTP/1.1" 200 -
127.0.0.1 - - [25/Aug/2026 10:15:17] "GET /api/realtime?aid=117134831126411&cid=41140749603 HTTP/1.1" 200 -
127.0.0.1 - - [25/Aug/2026 10:15:46] "GET /api/trend?aid=117134831126411 HTTP/1.1" 200 -
127.0.0.1 - - [25/Aug/2026 10:15:47] "GET /api/realtime?aid=117134831126411&cid=41140749603 HTTP/1.1" 200 -
127.0.0.1 - - [25/Aug/2026 10:16:16] "GET /api/trend?aid=117134831126411 HTTP/1.1" 200 -
127.0.0.1 - - [25/Aug/2026 10:16:17] "GET /api/realtime?aid=117134831126411&cid=41140749603 HTTP/1.1" 200 -
127.0.0.1 - - [25/Aug/2026 10:16:46] "GET /api/trend?aid=117134831126411 HTTP/1.1" 200 -
127.0.0.1 - - [25/Aug/2026 10:16:47] "GET /api/realtime?aid=117134831126411&cid=41140749603 HTTP/1.1" 200 -
127.0.0.1 - - [25/Aug/2026 10:17:16] "GET /api/trend?aid=117134831126411 HTTP/1.1" 200 -
127.0.0.1 - - [25/Aug/2026 10:17:17] "GET /api/realtime?aid=117134831126411&cid=41140749603 HTTP/1.1" 200 -
127.0.0.1 - - [25/Aug/2026 10:17:46] "GET /api/trend?aid=117134831126411 HTTP/1.1" 200 -
127.0.0.1 - - [25/Aug/2026 10:17:47] "GET /api/realtime?aid=117134831126411&cid=41140749603 HTTP/1.1" 200 -
127.0.0.1 - - [25/Aug/2026 10:18:16] "GET /api/trend?aid=117134831126411 HTTP/1.1" 200 -
127.0.0.1 - - [25/Aug/2026 10:18:17] "GET /api/realtime?aid=117134831126411&cid=41140749603 HTTP/1.1" 200 -
127.0.0.1 - - [25/Aug/2026 10:18:46] "GET /api/trend?aid=117134831126411 HTTP/1.1" 200 -
127.0.0.1 - - [25/Aug/2026 10:18:47] "GET /api/realtime?aid=117134831126411&cid=41140749603 HTTP/1.1" 200 -
127.0.0.1 - - [25/Aug/2026 10:19:16] "GET /api/trend?aid=117134831126411 HTTP/1.1" 200 -
127.0.0.1 - - [25/Aug/2026 10:19:17] "GET /api/realtime?aid=117134831126411&cid=41140749603 HTTP/1.1" 200 -
127.0.0.1 - - [25/Aug/2026 10:19:46] "GET /api/trend?aid=117134831126411 HTTP/1.1" 200 -
127.0.0.1 - - [25/Aug/2026 10:19:47] "GET /api/realtime?aid=117134831126411&cid=41140749603 HTTP/1.1" 200 -
127.0.0.1 - - [25/Aug/2026 10:20:16] "GET /api/trend?aid=117134831126411 HTTP/1.1" 200 -
127.0.0.1 - - [25/Aug/2026 10:20:17] "GET /api/realtime?aid=117134831126411&cid=41140749603 HTTP/1.1" 200 -
127.0.0.1 - - [25/Aug/2026 10:20:46] "GET /api/trend?aid=117134831126411 HTTP/1.1" 200 -
127.0.0.1 - - [25/Aug/2026 10:20:47] "GET /api/realtime?aid=117134831126411&cid=41140749603 HTTP/1.1" 200 -
127.0.0.1 - - [25/Aug/2026 10:21:16] "GET /api/trend?aid=117134831126411 HTTP/1.1" 200 -
127.0.0.1 - - [25/Aug/2026 10:21:17] "GET /api/realtime?aid=117134831126411&cid=41140749603 HTTP/1.1" 200 -
127.0.0.1 - - [25/Aug/2026 10:21:46] "GET /api/trend?aid=117134831126411 HTTP/1.1" 200 -
127.0.0.1 - - [25/Aug/2026 10:21:47] "GET /api/realtime?aid=117134831126411&cid=41140749603 HTTP/1.1" 200 -
127.0.0.1 - - [25/Aug/2026 10:22:16] "GET /api/trend?aid=117134831126411 HTTP/1.1" 200 -
127.0.0.1 - - [25/Aug/2026 10:22:17] "GET /api/realtime?aid=117134831126411&cid=41140749603 HTTP/1.1" 200 -
127.0.0.1 - - [25/Aug/2026 10:22:46] "GET /api/trend?aid=117134831126411 HTTP/1.1" 200 -
127.0.0.1 - - [25/Aug/2026 10:22:47] "GET /api/realtime?aid=117134831126411&cid=41140749603 HTTP/1.1" 200 -
127.0.0.1 - - [25/Aug/2026 10:23:16] "GET /api/trend?aid=117134831126411 HTTP/1.1" 200 -
127.0.0.1 - - [25/Aug/2026 10:23:17] "GET /api/realtime?aid=117134831126411&cid=41140749603 HTTP/1.1" 200 -
127.0.0.1 - - [25/Aug/2026 10:23:46] "GET /api/trend?aid=117134831126411 HTTP/1.1" 200 -
127.0.0.1 - - [25/Aug/2026 10:23:47] "GET /api/realtime?aid=117134831126411&cid=41140749603 HTTP/1.1" 200 -
127.0.0.1 - - [25/Aug/2026 10:24:16] "GET /api/trend?aid=117134831126411 HTTP/1.1" 200 -
127.0.0.1 - - [25/Aug/2026 10:24:17] "GET /api/realtime?aid=117134831126411&cid=41140749603 HTTP/1.1" 200 -
127.0.0.1 - - [25/Aug/2026 10:24:46] "GET /api/trend?aid=117134831126411 HTTP/1.1" 200 -
127.0.0.1 - - [25/Aug/2026 10:24:47] "GET /api/realtime?aid=117134831126411&cid=41140749603 HTTP/1.1" 200 -
127.0.0.1 - - [25/Aug/2026 10:25:16] "GET /api/trend?aid=117134831126411 HTTP/1.1" 200 -
127.0.0.1 - - [25/Aug/2026 10:25:17] "GET /api/realtime?aid=117134831126411&cid=41140749603 HTTP/1.1" 200 -
127.0.0.1 - - [25/Aug/2026 10:25:46] "GET /api/trend?aid=117134831126411 HTTP/1.1" 200 -
127.0.0.1 - - [25/Aug/2026 10:25:47] "GET /api/realtime?aid=117134831126411&cid=41140749603 HTTP/1.1" 200 -
127.0.0.1 - - [25/Aug/2026 10:26:16] "GET /api/trend?aid=117134831126411 HTTP/1.1" 200 -
127.0.0.1 - - [25/Aug/2026 10:26:17] "GET /api/realtime?aid=117134831126411&cid=41140749603 HTTP/1.1" 200 -
127.0.0.1 - - [25/Aug/2026 10:26:46] "GET /api/trend?aid=117134831126411 HTTP/1.1" 200 -
127.0.0.1 - - [25/Aug/2026 10:26:47] "GET /api/realtime?aid=117134831126411&cid=41140749603 HTTP/1.1" 200 -
127.0.0.1 - - [25/Aug/2026 10:27:16] "GET /api/trend?aid=117134831126411 HTTP/1.1" 200 -
127.0.0.1 - - [25/Aug/2026 10:27:17] "GET /api/realtime?aid=117134831126411&cid=41140749603 HTTP/1.1" 200 -
127.0.0.1 - - [25/Aug/2026 10:27:46] "GET /api/trend?aid=117134831126411 HTTP/1.1" 200 -
127.0.0.1 - - [25/Aug/2026 10:27:47] "GET /api/realtime?aid=117134831126411&cid=41140749603 HTTP/1.1" 200 -
127.0.0.1 - - [25/Aug/2026 10:28:16] "GET /api/trend?aid=117134831126411 HTTP/1.1" 200 -
127.0.0.1 - - [25/Aug/2026 10:28:17] "GET /api/realtime?aid=117134831126411&cid=41140749603 HTTP/1.1" 200 -
127.0.0.1 - - [25/Aug/2026 10:28:46] "GET /api/trend?aid=117134831126411 HTTP/1.1" 200 -
127.0.0.1 - - [25/Aug/2026 10:28:47] "GET /api/realtime?aid=117134831126411&cid=41140749603 HTTP/1.1" 200 -
127.0.0.1 - - [25/Aug/2026 10:29:16] "GET /api/trend?aid=117134831126411 HTTP/1.1" 200 -
127.0.0.1 - - [25/Aug/2026 10:29:17] "GET /api/realtime?aid=117134831126411&cid=41140749603 HTTP/1.1" 200 -
127.0.0.1 - - [25/Aug/2026 10:29:46] "GET /api/trend?aid=117134831126411 HTTP/1.1" 200 -
127.0.0.1 - - [25/Aug/2026 10:29:47] "GET /api/realtime?aid=117134831126411&cid=41140749603 HTTP/1.1" 200 -
127.0.0.1 - - [25/Aug/2026 10:30:16] "GET /api/trend?aid=117134831126411 HTTP/1.1" 200 -
127.0.0.1 - - [25/Aug/2026 10:30:17] "GET /api/realtime?aid=117134831126411&cid=41140749603 HTTP/1.1" 200 -
127.0.0.1 - - [25/Aug/2026 10:30:46] "GET /api/trend?aid=117134831126411 HTTP/1.1" 200 -
127.0.0.1 - - [25/Aug/2026 10:30:47] "GET /api/realtime?aid=117134831126411&cid=41140749603 HTTP/1.1" 200 -
127.0.0.1 - - [25/Aug/2026 10:31:16] "GET /api/trend?aid=117134831126411 HTTP/1.1" 200 -
127.0.0.1 - - [25/Aug/2026 10:31:17] "GET /api/realtime?aid=117134831126411&cid=41140749603 HTTP/1.1" 200 -
127.0.0.1 - - [25/Aug/2026 10:31:46] "GET /api/trend?aid=117134831126411 HTTP/1.1" 200 -
127.0.0.1 - - [25/Aug/2026 10:31:47] "GET /api/realtime?aid=117134831126411&cid=41140749603 HTTP/1.1" 200 -
127.0.0.1 - - [25/Aug/2026 10:32:16] "GET /api/trend?aid=117134831126411 HTTP/1.1" 200 -
127.0.0.1 - - [25/Aug/2026 10:32:17] "GET /api/realtime?aid=117134831126411&cid=41140749603 HTTP/1.1" 200 -
127.0.0.1 - - [25/Aug/2026 10:32:46] "GET /api/trend?aid=117134831126411 HTTP/1.1" 200 -
127.0.0.1 - - [25/Aug/2026 10:32:47] "GET /api/realtime?aid=117134831126411&cid=41140749603 HTTP/1.1" 200 -
127.0.0.1 - - [25/Aug/2026 10:33:16] "GET /api/trend?aid=117134831126411 HTTP/1.1" 200 -
127.0.0.1 - - [25/Aug/2026 10:33:17] "GET /api/realtime?aid=117134831126411&cid=41140749603 HTTP/1.1" 200 -
127.0.0.1 - - [25/Aug/2026 10:33:46] "GET /api/trend?aid=117134831126411 HTTP/1.1" 200 -
127.0.0.1 - - [25/Aug/2026 10:33:47] "GET /api/realtime?aid=117134831126411&cid=41140749603 HTTP/1.1" 200 -
127.0.0.1 - - [25/Aug/2026 10:34:16] "GET /api/trend?aid=117134831126411 HTTP/1.1" 200 -
127.0.0.1 - - [25/Aug/2026 10:34:17] "GET /api/realtime?aid=117134831126411&cid=41140749603 HTTP/1.1" 200 -
127.0.0.1 - - [25/Aug/2026 10:34:46] "GET /api/trend?aid=117134831126411 HTTP/1.1" 200 -
127.0.0.1 - - [25/Aug/2026 10:34:47] "GET /api/realtime?aid=117134831126411&cid=41140749603 HTTP/1.1" 200 -
127.0.0.1 - - [25/Aug/2026 10:35:16] "GET /api/trend?aid=117134831126411 HTTP/1.1" 200 -
127.0.0.1 - - [25/Aug/2026 10:35:17] "GET /api/realtime?aid=117134831126411&cid=41140749603 HTTP/1.1" 200 -
127.0.0.1 - - [25/Aug/2026 10:35:46] "GET /api/trend?aid=117134831126411 HTTP/1.1" 200 -
127.0.0.1 - - [25/Aug/2026 10:35:47] "GET /api/realtime?aid=117134831126411&cid=41140749603 HTTP/1.1" 200 -
127.0.0.1 - - [25/Aug/2026 10:36:16] "GET /api/trend?aid=117134831126411 HTTP/1.1" 200 -
127.0.0.1 - - [25/Aug/2026 10:36:17] "GET /api/realtime?aid=117134831126411&cid=41140749603 HTTP/1.1" 200 -
127.0.0.1 - - [25/Aug/2026 10:36:46] "GET /api/trend?aid=117134831126411 HTTP/1.1" 200 -
127.0.0.1 - - [25/Aug/2026 10:36:47] "GET /api/realtime?aid=117134831126411&cid=41140749603 HTTP/1.1" 200 -
127.0.0.1 - - [25/Aug/2026 10:37:16] "GET /api/trend?aid=117134831126411 HTTP/1.1" 200 -
127.0.0.1 - - [25/Aug/2026 10:37:17] "GET /api/realtime?aid=117134831126411&cid=41140749603 HTTP/1.1" 200 -
127.0.0.1 - - [25/Aug/2026 10:37:46] "GET /api/trend?aid=117134831126411 HTTP/1.1" 200 -
127.0.0.1 - - [25/Aug/2026 10:37:47] "GET /api/realtime?aid=117134831126411&cid=41140749603 HTTP/1.1" 200 -
127.0.0.1 - - [25/Aug/2026 10:38:16] "GET /api/trend?aid=117134831126411 HTTP/1.1" 200 -
127.0.0.1 - - [25/Aug/2026 10:38:17] "GET /api/realtime?aid=117134831126411&cid=41140749603 HTTP/1.1" 200 -
127.0.0.1 - - [25/Aug/2026 10:38:46] "GET /api/trend?aid=117134831126411 HTTP/1.1" 200 -
127.0.0.1 - - [25/Aug/2026 10:38:47] "GET /api/realtime?aid=117134831126411&cid=41140749603 HTTP/1.1" 200 -
127.0.0.1 - - [25/Aug/2026 10:39:16] "GET /api/trend?aid=117134831126411 HTTP/1.1" 200 -
127.0.0.1 - - [25/Aug/2026 10:39:17] "GET /api/realtime?aid=117134831126411&cid=41140749603 HTTP/1.1" 200 -
127.0.0.1 - - [25/Aug/2026 10:39:46] "GET /api/trend?aid=117134831126411 HTTP/1.1" 200 -
127.0.0.1 - - [25/Aug/2026 10:39:47] "GET /api/realtime?aid=117134831126411&cid=41140749603 HTTP/1.1" 200 -
127.0.0.1 - - [25/Aug/2026 10:40:16] "GET /api/trend?aid=117134831126411 HTTP/1.1" 200 -
127.0.0.1 - - [25/Aug/2026 10:40:17] "GET /api/realtime?aid=117134831126411&cid=41140749603 HTTP/1.1" 200 -
127.0.0.1 - - [25/Aug/2026 10:40:46] "GET /api/trend?aid=117134831126411 HTTP/1.1" 200 -
127.0.0.1 - - [25/Aug/2026 10:40:47] "GET /api/realtime?aid=117134831126411&cid=41140749603 HTTP/1.1" 200 -
127.0.0.1 - - [25/Aug/2026 10:41:16] "GET /api/trend?aid=117134831126411 HTTP/1.1" 200 -
127.0.0.1 - - [25/Aug/2026 10:41:17] "GET /api/realtime?aid=117134831126411&cid=41140749603 HTTP/1.1" 200 -
127.0.0.1 - - [25/Aug/2026 10:41:46] "GET /api/trend?aid=117134831126411 HTTP/1.1" 200 -
127.0.0.1 - - [25/Aug/2026 10:41:47] "GET /api/realtime?aid=117134831126411&cid=41140749603 HTTP/1.1" 200 -
127.0.0.1 - - [25/Aug/2026 10:42:16] "GET /api/trend?aid=117134831126411 HTTP/1.1" 200 -
127.0.0.1 - - [25/Aug/2026 10:42:17] "GET /api/realtime?aid=117134831126411&cid=41140749603 HTTP/1.1" 200 -
127.0.0.1 - - [25/Aug/2026 10:42:46] "GET /api/trend?aid=117134831126411 HTTP/1.1" 200 -
127.0.0.1 - - [25/Aug/2026 10:42:47] "GET /api/realtime?aid=117134831126411&cid=41140749603 HTTP/1.1" 200 -
127.0.0.1 - - [25/Aug/2026 10:43:16] "GET /api/trend?aid=117134831126411 HTTP/1.1" 200 -
127.0.0.1 - - [25/Aug/2026 10:43:17] "GET /api/realtime?aid=117134831126411&cid=41140749603 HTTP/1.1" 200 -
127.0.0.1 - - [25/Aug/2026 10:43:46] "GET /api/trend?aid=117134831126411 HTTP/1.1" 200 -
127.0.0.1 - - [25/Aug/2026 10:43:47] "GET /api/realtime?aid=117134831126411&cid=41140749603 HTTP/1.1" 200 -
127.0.0.1 - - [25/Aug/2026 10:44:16] "GET /api/trend?aid=117134831126411 HTTP/1.1" 200 -
127.0.0.1 - - [25/Aug/2026 10:44:17] "GET /api/realtime?aid=117134831126411&cid=41140749603 HTTP/1.1" 200 -
127.0.0.1 - - [25/Aug/2026 10:44:46] "GET /api/trend?aid=117134831126411 HTTP/1.1" 200 -
127.0.0.1 - - [25/Aug/2026 10:44:47] "GET /api/realtime?aid=117134831126411&cid=41140749603 HTTP/1.1" 200 -
127.0.0.1 - - [25/Aug/2026 10:45:16] "GET /api/trend?aid=117134831126411 HTTP/1.1" 200 -
127.0.0.1 - - [25/Aug/2026 10:45:17] "GET /api/realtime?aid=117134831126411&cid=41140749603 HTTP/1.1" 200 -
127.0.0.1 - - [25/Aug/2026 10:45:46] "GET /api/trend?aid=117134831126411 HTTP/1.1" 200 -
127.0.0.1 - - [25/Aug/2026 10:45:47] "GET /api/realtime?aid=117134831126411&cid=41140749603 HTTP/1.1" 200 -
127.0.0.1 - - [25/Aug/2026 10:46:16] "GET /api/trend?aid=117134831126411 HTTP/1.1" 200 -
127.0.0.1 - - [25/Aug/2026 10:46:17] "GET /api/realtime?aid=117134831126411&cid=41140749603 HTTP/1.1" 200 -
127.0.0.1 - - [25/Aug/2026 10:46:46] "GET /api/trend?aid=117134831126411 HTTP/1.1" 200 -
127.0.0.1 - - [25/Aug/2026 10:46:47] "GET /api/realtime?aid=117134831126411&cid=41140749603 HTTP/1.1" 200 -
127.0.0.1 - - [25/Aug/2026 10:47:16] "GET /api/trend?aid=117134831126411 HTTP/1.1" 200 -
127.0.0.1 - - [25/Aug/2026 10:47:17] "GET /api/realtime?aid=117134831126411&cid=41140749603 HTTP/1.1" 200 -
127.0.0.1 - - [25/Aug/2026 10:47:46] "GET /api/trend?aid=117134831126411 HTTP/1.1" 200 -
127.0.0.1 - - [25/Aug/2026 10:47:47] "GET /api/realtime?aid=117134831126411&cid=41140749603 HTTP/1.1" 200 -
127.0.0.1 - - [25/Aug/2026 10:48:16] "GET /api/trend?aid=117134831126411 HTTP/1.1" 200 -
127.0.0.1 - - [25/Aug/2026 10:48:17] "GET /api/realtime?aid=117134831126411&cid=41140749603 HTTP/1.1" 200 -
127.0.0.1 - - [25/Aug/2026 10:48:46] "GET /api/trend?aid=117134831126411 HTTP/1.1" 200 -
127.0.0.1 - - [25/Aug/2026 10:48:47] "GET /api/realtime?aid=117134831126411&cid=41140749603 HTTP/1.1" 200 -
127.0.0.1 - - [25/Aug/2026 10:49:17] "GET /api/trend?aid=117134831126411 HTTP/1.1" 200 -
127.0.0.1 - - [25/Aug/2026 10:49:20] "GET /api/realtime?aid=117134831126411&cid=41140749603 HTTP/1.1" 200 -
127.0.0.1 - - [25/Aug/2026 10:49:46] "GET /api/trend?aid=117134831126411 HTTP/1.1" 200 -
127.0.0.1 - - [25/Aug/2026 10:49:48] "GET /api/realtime?aid=117134831126411&cid=41140749603 HTTP/1.1" 200 -
127.0.0.1 - - [25/Aug/2026 10:50:16] "GET /api/trend?aid=117134831126411 HTTP/1.1" 200 -
127.0.0.1 - - [25/Aug/2026 10:50:18] "GET /api/realtime?aid=117134831126411&cid=41140749603 HTTP/1.1" 200 -
127.0.0.1 - - [25/Aug/2026 10:50:46] "GET /api/trend?aid=117134831126411 HTTP/1.1" 200 -
127.0.0.1 - - [25/Aug/2026 10:50:48] "GET /api/realtime?aid=117134831126411&cid=41140749603 HTTP/1.1" 200 -
127.0.0.1 - - [25/Aug/2026 10:51:16] "GET /api/trend?aid=117134831126411 HTTP/1.1" 200 -
127.0.0.1 - - [25/Aug/2026 10:51:18] "GET /api/realtime?aid=117134831126411&cid=41140749603 HTTP/1.1" 200 -
127.0.0.1 - - [25/Aug/2026 10:51:46] "GET /api/trend?aid=117134831126411 HTTP/1.1" 200 -
127.0.0.1 - - [25/Aug/2026 10:51:48] "GET /api/realtime?aid=117134831126411&cid=41140749603 HTTP/1.1" 200 -
127.0.0.1 - - [25/Aug/2026 10:52:18] "GET /api/trend?aid=117134831126411 HTTP/1.1" 200 -
127.0.0.1 - - [25/Aug/2026 10:52:20] "GET /api/realtime?aid=117134831126411&cid=41140749603 HTTP/1.1" 200 -
127.0.0.1 - - [25/Aug/2026 10:52:46] "GET /api/trend?aid=117134831126411 HTTP/1.1" 200 -
127.0.0.1 - - [25/Aug/2026 10:52:48] "GET /api/realtime?aid=117134831126411&cid=41140749603 HTTP/1.1" 200 -
127.0.0.1 - - [25/Aug/2026 10:53:16] "GET /api/trend?aid=117134831126411 HTTP/1.1" 200 -
127.0.0.1 - - [25/Aug/2026 10:53:17] "GET /api/realtime?aid=117134831126411&cid=41140749603 HTTP/1.1" 200 -
127.0.0.1 - - [25/Aug/2026 10:53:46] "GET /api/trend?aid=117134831126411 HTTP/1.1" 200 -
127.0.0.1 - - [25/Aug/2026 10:53:48] "GET /api/realtime?aid=117134831126411&cid=41140749603 HTTP/1.1" 200 -
127.0.0.1 - - [25/Aug/2026 10:54:16] "GET /api/trend?aid=117134831126411 HTTP/1.1" 200 -
127.0.0.1 - - [25/Aug/2026 10:54:17] "GET /api/realtime?aid=117134831126411&cid=41140749603 HTTP/1.1" 200 -
127.0.0.1 - - [25/Aug/2026 10:54:46] "GET /api/trend?aid=117134831126411 HTTP/1.1" 200 -
127.0.0.1 - - [25/Aug/2026 10:54:47] "GET /api/realtime?aid=117134831126411&cid=41140749603 HTTP/1.1" 200 -
127.0.0.1 - - [25/Aug/2026 10:55:16] "GET /api/trend?aid=117134831126411 HTTP/1.1" 200 -
127.0.0.1 - - [25/Aug/2026 10:55:17] "GET /api/realtime?aid=117134831126411&cid=41140749603 HTTP/1.1" 200 -
127.0.0.1 - - [25/Aug/2026 10:55:46] "GET /api/trend?aid=117134831126411 HTTP/1.1" 200 -
127.0.0.1 - - [25/Aug/2026 10:55:47] "GET /api/realtime?aid=117134831126411&cid=41140749603 HTTP/1.1" 200 -
127.0.0.1 - - [25/Aug/2026 10:56:16] "GET /api/trend?aid=117134831126411 HTTP/1.1" 200 -
127.0.0.1 - - [25/Aug/2026 10:56:17] "GET /api/realtime?aid=117134831126411&cid=41140749603 HTTP/1.1" 200 -
127.0.0.1 - - [25/Aug/2026 10:56:46] "GET /api/trend?aid=117134831126411 HTTP/1.1" 200 -
127.0.0.1 - - [25/Aug/2026 10:56:47] "GET /api/realtime?aid=117134831126411&cid=41140749603 HTTP/1.1" 200 -
127.0.0.1 - - [25/Aug/2026 10:57:16] "GET /api/trend?aid=117134831126411 HTTP/1.1" 200 -
127.0.0.1 - - [25/Aug/2026 10:57:17] "GET /api/realtime?aid=117134831126411&cid=41140749603 HTTP/1.1" 200 -
127.0.0.1 - - [25/Aug/2026 10:57:46] "GET /api/trend?aid=117134831126411 HTTP/1.1" 200 -
127.0.0.1 - - [25/Aug/2026 10:57:47] "GET /api/realtime?aid=117134831126411&cid=41140749603 HTTP/1.1" 200 -
127.0.0.1 - - [25/Aug/2026 10:58:16] "GET /api/trend?aid=117134831126411 HTTP/1.1" 200 -
127.0.0.1 - - [25/Aug/2026 10:58:17] "GET /api/realtime?aid=117134831126411&cid=41140749603 HTTP/1.1" 200 -
127.0.0.1 - - [25/Aug/2026 10:58:46] "GET /api/trend?aid=117134831126411 HTTP/1.1" 200 -
127.0.0.1 - - [25/Aug/2026 10:58:47] "GET /api/realtime?aid=117134831126411&cid=41140749603 HTTP/1.1" 200 -
127.0.0.1 - - [25/Aug/2026 10:59:16] "GET /api/trend?aid=117134831126411 HTTP/1.1" 200 -
127.0.0.1 - - [25/Aug/2026 10:59:17] "GET /api/realtime?aid=117134831126411&cid=41140749603 HTTP/1.1" 200 -
127.0.0.1 - - [25/Aug/2026 10:59:46] "GET /api/trend?aid=117134831126411 HTTP/1.1" 200 -
127.0.0.1 - - [25/Aug/2026 10:59:47] "GET /api/realtime?aid=117134831126411&cid=41140749603 HTTP/1.1" 200 -
127.0.0.1 - - [25/Aug/2026 11:00:16] "GET /api/trend?aid=117134831126411 HTTP/1.1" 200 -
127.0.0.1 - - [25/Aug/2026 11:00:17] "GET /api/realtime?aid=117134831126411&cid=41140749603 HTTP/1.1" 200 -
127.0.0.1 - - [25/Aug/2026 11:00:46] "GET /api/trend?aid=117134831126411 HTTP/1.1" 200 -
127.0.0.1 - - [25/Aug/2026 11:00:47] "GET /api/realtime?aid=117134831126411&cid=41140749603 HTTP/1.1" 200 -
127.0.0.1 - - [25/Aug/2026 11:01:16] "GET /api/trend?aid=117134831126411 HTTP/1.1" 200 -
127.0.0.1 - - [25/Aug/2026 11:01:17] "GET /api/realtime?aid=117134831126411&cid=41140749603 HTTP/1.1" 200 -
127.0.0.1 - - [25/Aug/2026 11:01:46] "GET /api/trend?aid=117134831126411 HTTP/1.1" 200 -
127.0.0.1 - - [25/Aug/2026 11:01:47] "GET /api/realtime?aid=117134831126411&cid=41140749603 HTTP/1.1" 200 -
127.0.0.1 - - [25/Aug/2026 11:02:16] "GET /api/trend?aid=117134831126411 HTTP/1.1" 200 -
127.0.0.1 - - [25/Aug/2026 11:02:17] "GET /api/realtime?aid=117134831126411&cid=41140749603 HTTP/1.1" 200 -
127.0.0.1 - - [25/Aug/2026 11:02:46] "GET /api/trend?aid=117134831126411 HTTP/1.1" 200 -
127.0.0.1 - - [25/Aug/2026 11:02:47] "GET /api/realtime?aid=117134831126411&cid=41140749603 HTTP/1.1" 200 -
127.0.0.1 - - [25/Aug/2026 11:03:16] "GET /api/trend?aid=117134831126411 HTTP/1.1" 200 -
127.0.0.1 - - [25/Aug/2026 11:03:17] "GET /api/realtime?aid=117134831126411&cid=41140749603 HTTP/1.1" 200 -
127.0.0.1 - - [25/Aug/2026 11:03:54] "GET /api/realtime?aid=117134831126411&cid=41140749603 HTTP/1.1" 200 -
127.0.0.1 - - [25/Aug/2026 11:04:03] "GET /api/trend?aid=117134831126411 HTTP/1.1" 200 -
127.0.0.1 - - [25/Aug/2026 11:04:17] "GET /api/trend?aid=117134831126411 HTTP/1.1" 200 -
127.0.0.1 - - [25/Aug/2026 11:04:18] "GET /api/realtime?aid=117134831126411&cid=41140749603 HTTP/1.1" 200 -
127.0.0.1 - - [25/Aug/2026 11:04:46] "GET /api/trend?aid=117134831126411 HTTP/1.1" 200 -
127.0.0.1 - - [25/Aug/2026 11:04:47] "GET /api/realtime?aid=117134831126411&cid=41140749603 HTTP/1.1" 200 -
127.0.0.1 - - [25/Aug/2026 11:05:16] "GET /api/trend?aid=117134831126411 HTTP/1.1" 200 -
127.0.0.1 - - [25/Aug/2026 11:05:17] "GET /api/realtime?aid=117134831126411&cid=41140749603 HTTP/1.1" 200 -
127.0.0.1 - - [25/Aug/2026 11:05:46] "GET /api/trend?aid=117134831126411 HTTP/1.1" 200 -
127.0.0.1 - - [25/Aug/2026 11:05:47] "GET /api/realtime?aid=117134831126411&cid=41140749603 HTTP/1.1" 200 -
127.0.0.1 - - [25/Aug/2026 11:06:16] "GET /api/trend?aid=117134831126411 HTTP/1.1" 200 -
127.0.0.1 - - [25/Aug/2026 11:06:17] "GET /api/realtime?aid=117134831126411&cid=41140749603 HTTP/1.1" 200 -
127.0.0.1 - - [25/Aug/2026 11:06:46] "GET /api/trend?aid=117134831126411 HTTP/1.1" 200 -
127.0.0.1 - - [25/Aug/2026 11:06:47] "GET /api/realtime?aid=117134831126411&cid=41140749603 HTTP/1.1" 200 -
127.0.0.1 - - [25/Aug/2026 11:07:16] "GET /api/trend?aid=117134831126411 HTTP/1.1" 200 -
127.0.0.1 - - [25/Aug/2026 11:07:17] "GET /api/realtime?aid=117134831126411&cid=41140749603 HTTP/1.1" 200 -
127.0.0.1 - - [25/Aug/2026 11:07:46] "GET /api/trend?aid=117134831126411 HTTP/1.1" 200 -
127.0.0.1 - - [25/Aug/2026 11:07:47] "GET /api/realtime?aid=117134831126411&cid=41140749603 HTTP/1.1" 200 -
127.0.0.1 - - [25/Aug/2026 11:08:16] "GET /api/trend?aid=117134831126411 HTTP/1.1" 200 -
127.0.0.1 - - [25/Aug/2026 11:08:17] "GET /api/realtime?aid=117134831126411&cid=41140749603 HTTP/1.1" 200 -
127.0.0.1 - - [25/Aug/2026 11:08:46] "GET /api/trend?aid=117134831126411 HTTP/1.1" 200 -
127.0.0.1 - - [25/Aug/2026 11:08:47] "GET /api/realtime?aid=117134831126411&cid=41140749603 HTTP/1.1" 200 -
127.0.0.1 - - [25/Aug/2026 11:09:16] "GET /api/trend?aid=117134831126411 HTTP/1.1" 200 -
127.0.0.1 - - [25/Aug/2026 11:09:17] "GET /api/realtime?aid=117134831126411&cid=41140749603 HTTP/1.1" 200 -
127.0.0.1 - - [25/Aug/2026 11:09:46] "GET /api/trend?aid=117134831126411 HTTP/1.1" 200 -
127.0.0.1 - - [25/Aug/2026 11:09:47] "GET /api/realtime?aid=117134831126411&cid=41140749603 HTTP/1.1" 200 -
127.0.0.1 - - [25/Aug/2026 11:10:16] "GET /api/trend?aid=117134831126411 HTTP/1.1" 200 -
127.0.0.1 - - [25/Aug/2026 11:10:17] "GET /api/realtime?aid=117134831126411&cid=41140749603 HTTP/1.1" 200 -
127.0.0.1 - - [25/Aug/2026 11:10:46] "GET /api/trend?aid=117134831126411 HTTP/1.1" 200 -
127.0.0.1 - - [25/Aug/2026 11:10:47] "GET /api/realtime?aid=117134831126411&cid=41140749603 HTTP/1.1" 200 -
127.0.0.1 - - [25/Aug/2026 11:11:16] "GET /api/trend?aid=117134831126411 HTTP/1.1" 200 -
127.0.0.1 - - [25/Aug/2026 11:11:17] "GET /api/realtime?aid=117134831126411&cid=41140749603 HTTP/1.1" 200 -
127.0.0.1 - - [25/Aug/2026 11:11:46] "GET /api/trend?aid=117134831126411 HTTP/1.1" 200 -
127.0.0.1 - - [25/Aug/2026 11:11:47] "GET /api/realtime?aid=117134831126411&cid=41140749603 HTTP/1.1" 200 -
127.0.0.1 - - [25/Aug/2026 11:12:16] "GET /api/trend?aid=117134831126411 HTTP/1.1" 200 -
127.0.0.1 - - [25/Aug/2026 11:12:17] "GET /api/realtime?aid=117134831126411&cid=41140749603 HTTP/1.1" 200 -
127.0.0.1 - - [25/Aug/2026 11:12:46] "GET /api/trend?aid=117134831126411 HTTP/1.1" 200 -
127.0.0.1 - - [25/Aug/2026 11:12:47] "GET /api/realtime?aid=117134831126411&cid=41140749603 HTTP/1.1" 200 -
127.0.0.1 - - [25/Aug/2026 11:13:16] "GET /api/trend?aid=117134831126411 HTTP/1.1" 200 -
127.0.0.1 - - [25/Aug/2026 11:13:17] "GET /api/realtime?aid=117134831126411&cid=41140749603 HTTP/1.1" 200 -
127.0.0.1 - - [25/Aug/2026 11:13:46] "GET /api/trend?aid=117134831126411 HTTP/1.1" 200 -
127.0.0.1 - - [25/Aug/2026 11:13:47] "GET /api/realtime?aid=117134831126411&cid=41140749603 HTTP/1.1" 200 -
127.0.0.1 - - [25/Aug/2026 11:14:16] "GET /api/trend?aid=117134831126411 HTTP/1.1" 200 -
127.0.0.1 - - [25/Aug/2026 11:14:17] "GET /api/realtime?aid=117134831126411&cid=41140749603 HTTP/1.1" 200 -
127.0.0.1 - - [25/Aug/2026 11:14:46] "GET /api/trend?aid=117134831126411 HTTP/1.1" 200 -
127.0.0.1 - - [25/Aug/2026 11:14:47] "GET /api/realtime?aid=117134831126411&cid=41140749603 HTTP/1.1" 200 -
127.0.0.1 - - [25/Aug/2026 11:15:16] "GET /api/trend?aid=117134831126411 HTTP/1.1" 200 -
127.0.0.1 - - [25/Aug/2026 11:15:17] "GET /api/realtime?aid=117134831126411&cid=41140749603 HTTP/1.1" 200 -
127.0.0.1 - - [25/Aug/2026 11:15:46] "GET /api/trend?aid=117134831126411 HTTP/1.1" 200 -
127.0.0.1 - - [25/Aug/2026 11:15:47] "GET /api/realtime?aid=117134831126411&cid=41140749603 HTTP/1.1" 200 -
127.0.0.1 - - [25/Aug/2026 11:16:16] "GET /api/trend?aid=117134831126411 HTTP/1.1" 200 -
127.0.0.1 - - [25/Aug/2026 11:16:17] "GET /api/realtime?aid=117134831126411&cid=41140749603 HTTP/1.1" 200 -
127.0.0.1 - - [25/Aug/2026 11:16:46] "GET /api/trend?aid=117134831126411 HTTP/1.1" 200 -
127.0.0.1 - - [25/Aug/2026 11:16:47] "GET /api/realtime?aid=117134831126411&cid=41140749603 HTTP/1.1" 200 -
127.0.0.1 - - [25/Aug/2026 11:17:16] "GET /api/trend?aid=117134831126411 HTTP/1.1" 200 -
127.0.0.1 - - [25/Aug/2026 11:17:17] "GET /api/realtime?aid=117134831126411&cid=41140749603 HTTP/1.1" 200 -
127.0.0.1 - - [25/Aug/2026 11:17:46] "GET /api/trend?aid=117134831126411 HTTP/1.1" 200 -
127.0.0.1 - - [25/Aug/2026 11:17:47] "GET /api/realtime?aid=117134831126411&cid=41140749603 HTTP/1.1" 200 -
127.0.0.1 - - [25/Aug/2026 11:18:16] "GET /api/trend?aid=117134831126411 HTTP/1.1" 200 -
127.0.0.1 - - [25/Aug/2026 11:18:17] "GET /api/realtime?aid=117134831126411&cid=41140749603 HTTP/1.1" 200 -
127.0.0.1 - - [25/Aug/2026 11:18:46] "GET /api/trend?aid=117134831126411 HTTP/1.1" 200 -
127.0.0.1 - - [25/Aug/2026 11:18:47] "GET /api/realtime?aid=117134831126411&cid=41140749603 HTTP/1.1" 200 -
127.0.0.1 - - [25/Aug/2026 11:19:16] "GET /api/trend?aid=117134831126411 HTTP/1.1" 200 -
127.0.0.1 - - [25/Aug/2026 11:19:17] "GET /api/realtime?aid=117134831126411&cid=41140749603 HTTP/1.1" 200 -
127.0.0.1 - - [25/Aug/2026 11:19:46] "GET /api/trend?aid=117134831126411 HTTP/1.1" 200 -
127.0.0.1 - - [25/Aug/2026 11:19:47] "GET /api/realtime?aid=117134831126411&cid=41140749603 HTTP/1.1" 200 -
127.0.0.1 - - [25/Aug/2026 11:20:16] "GET /api/trend?aid=117134831126411 HTTP/1.1" 200 -
127.0.0.1 - - [25/Aug/2026 11:20:17] "GET /api/realtime?aid=117134831126411&cid=41140749603 HTTP/1.1" 200 -
127.0.0.1 - - [25/Aug/2026 11:20:46] "GET /api/trend?aid=117134831126411 HTTP/1.1" 200 -
127.0.0.1 - - [25/Aug/2026 11:20:47] "GET /api/realtime?aid=117134831126411&cid=41140749603 HTTP/1.1" 200 -
127.0.0.1 - - [25/Aug/2026 11:21:16] "GET /api/trend?aid=117134831126411 HTTP/1.1" 200 -
127.0.0.1 - - [25/Aug/2026 11:21:17] "GET /api/realtime?aid=117134831126411&cid=41140749603 HTTP/1.1" 200 -
127.0.0.1 - - [25/Aug/2026 11:21:46] "GET /api/trend?aid=117134831126411 HTTP/1.1" 200 -
127.0.0.1 - - [25/Aug/2026 11:21:47] "GET /api/realtime?aid=117134831126411&cid=41140749603 HTTP/1.1" 200 -
127.0.0.1 - - [25/Aug/2026 11:22:16] "GET /api/trend?aid=117134831126411 HTTP/1.1" 200 -
127.0.0.1 - - [25/Aug/2026 11:22:17] "GET /api/realtime?aid=117134831126411&cid=41140749603 HTTP/1.1" 200 -
127.0.0.1 - - [25/Aug/2026 11:22:46] "GET /api/trend?aid=117134831126411 HTTP/1.1" 200 -
127.0.0.1 - - [25/Aug/2026 11:22:47] "GET /api/realtime?aid=117134831126411&cid=41140749603 HTTP/1.1" 200 -
127.0.0.1 - - [25/Aug/2026 11:23:16] "GET /api/trend?aid=117134831126411 HTTP/1.1" 200 -
127.0.0.1 - - [25/Aug/2026 11:23:17] "GET /api/realtime?aid=117134831126411&cid=41140749603 HTTP/1.1" 200 -
127.0.0.1 - - [25/Aug/2026 11:23:46] "GET /api/trend?aid=117134831126411 HTTP/1.1" 200 -
127.0.0.1 - - [25/Aug/2026 11:23:48] "GET /api/realtime?aid=117134831126411&cid=41140749603 HTTP/1.1" 200 -
127.0.0.1 - - [25/Aug/2026 11:24:16] "GET /api/trend?aid=117134831126411 HTTP/1.1" 200 -
127.0.0.1 - - [25/Aug/2026 11:24:18] "GET /api/realtime?aid=117134831126411&cid=41140749603 HTTP/1.1" 200 -
127.0.0.1 - - [25/Aug/2026 11:24:46] "GET /api/trend?aid=117134831126411 HTTP/1.1" 200 -
127.0.0.1 - - [25/Aug/2026 11:24:47] "GET /api/realtime?aid=117134831126411&cid=41140749603 HTTP/1.1" 200 -
127.0.0.1 - - [25/Aug/2026 11:25:16] "GET /api/trend?aid=117134831126411 HTTP/1.1" 200 -
127.0.0.1 - - [25/Aug/2026 11:25:17] "GET /api/realtime?aid=117134831126411&cid=41140749603 HTTP/1.1" 200 -
127.0.0.1 - - [25/Aug/2026 11:25:46] "GET /api/trend?aid=117134831126411 HTTP/1.1" 200 -
127.0.0.1 - - [25/Aug/2026 11:25:47] "GET /api/realtime?aid=117134831126411&cid=41140749603 HTTP/1.1" 200 -
127.0.0.1 - - [25/Aug/2026 11:26:16] "GET /api/trend?aid=117134831126411 HTTP/1.1" 200 -
127.0.0.1 - - [25/Aug/2026 11:26:17] "GET /api/realtime?aid=117134831126411&cid=41140749603 HTTP/1.1" 200 -
127.0.0.1 - - [25/Aug/2026 11:26:46] "GET /api/trend?aid=117134831126411 HTTP/1.1" 200 -
127.0.0.1 - - [25/Aug/2026 11:26:47] "GET /api/realtime?aid=117134831126411&cid=41140749603 HTTP/1.1" 200 -
127.0.0.1 - - [25/Aug/2026 11:27:16] "GET /api/trend?aid=117134831126411 HTTP/1.1" 200 -
127.0.0.1 - - [25/Aug/2026 11:27:17] "GET /api/realtime?aid=117134831126411&cid=41140749603 HTTP/1.1" 200 -
127.0.0.1 - - [25/Aug/2026 11:27:46] "GET /api/trend?aid=117134831126411 HTTP/1.1" 200 -
127.0.0.1 - - [25/Aug/2026 11:27:47] "GET /api/realtime?aid=117134831126411&cid=41140749603 HTTP/1.1" 200 -
127.0.0.1 - - [25/Aug/2026 11:28:16] "GET /api/trend?aid=117134831126411 HTTP/1.1" 200 -
127.0.0.1 - - [25/Aug/2026 11:28:17] "GET /api/realtime?aid=117134831126411&cid=41140749603 HTTP/1.1" 200 -
127.0.0.1 - - [25/Aug/2026 11:28:46] "GET /api/trend?aid=117134831126411 HTTP/1.1" 200 -
127.0.0.1 - - [25/Aug/2026 11:28:47] "GET /api/realtime?aid=117134831126411&cid=41140749603 HTTP/1.1" 200 -
127.0.0.1 - - [25/Aug/2026 11:29:16] "GET /api/trend?aid=117134831126411 HTTP/1.1" 200 -
127.0.0.1 - - [25/Aug/2026 11:29:17] "GET /api/realtime?aid=117134831126411&cid=41140749603 HTTP/1.1" 200 -
127.0.0.1 - - [25/Aug/2026 11:29:46] "GET /api/trend?aid=117134831126411 HTTP/1.1" 200 -
127.0.0.1 - - [25/Aug/2026 11:29:47] "GET /api/realtime?aid=117134831126411&cid=41140749603 HTTP/1.1" 200 -
127.0.0.1 - - [25/Aug/2026 11:30:16] "GET /api/trend?aid=117134831126411 HTTP/1.1" 200 -
127.0.0.1 - - [25/Aug/2026 11:30:17] "GET /api/realtime?aid=117134831126411&cid=41140749603 HTTP/1.1" 200 -
127.0.0.1 - - [25/Aug/2026 11:30:46] "GET /api/trend?aid=117134831126411 HTTP/1.1" 200 -
127.0.0.1 - - [25/Aug/2026 11:30:47] "GET /api/realtime?aid=117134831126411&cid=41140749603 HTTP/1.1" 200 -
127.0.0.1 - - [25/Aug/2026 11:31:16] "GET /api/trend?aid=117134831126411 HTTP/1.1" 200 -
127.0.0.1 - - [25/Aug/2026 11:31:17] "GET /api/realtime?aid=117134831126411&cid=41140749603 HTTP/1.1" 200 -
127.0.0.1 - - [25/Aug/2026 11:31:46] "GET /api/trend?aid=117134831126411 HTTP/1.1" 200 -
127.0.0.1 - - [25/Aug/2026 11:31:47] "GET /api/realtime?aid=117134831126411&cid=41140749603 HTTP/1.1" 200 -
127.0.0.1 - - [25/Aug/2026 11:32:16] "GET /api/trend?aid=117134831126411 HTTP/1.1" 200 -
127.0.0.1 - - [25/Aug/2026 11:32:17] "GET /api/realtime?aid=117134831126411&cid=41140749603 HTTP/1.1" 200 -
127.0.0.1 - - [25/Aug/2026 11:32:46] "GET /api/trend?aid=117134831126411 HTTP/1.1" 200 -
127.0.0.1 - - [25/Aug/2026 11:32:47] "GET /api/realtime?aid=117134831126411&cid=41140749603 HTTP/1.1" 200 -
127.0.0.1 - - [25/Aug/2026 11:33:16] "GET /api/trend?aid=117134831126411 HTTP/1.1" 200 -
127.0.0.1 - - [25/Aug/2026 11:33:17] "GET /api/realtime?aid=117134831126411&cid=41140749603 HTTP/1.1" 200 -
127.0.0.1 - - [25/Aug/2026 11:33:46] "GET /api/trend?aid=117134831126411 HTTP/1.1" 200 -
127.0.0.1 - - [25/Aug/2026 11:33:47] "GET /api/realtime?aid=117134831126411&cid=41140749603 HTTP/1.1" 200 -
127.0.0.1 - - [25/Aug/2026 11:34:16] "GET /api/trend?aid=117134831126411 HTTP/1.1" 200 -
127.0.0.1 - - [25/Aug/2026 11:34:17] "GET /api/realtime?aid=117134831126411&cid=41140749603 HTTP/1.1" 200 -
127.0.0.1 - - [25/Aug/2026 11:34:46] "GET /api/trend?aid=117134831126411 HTTP/1.1" 200 -
127.0.0.1 - - [25/Aug/2026 11:34:47] "GET /api/realtime?aid=117134831126411&cid=41140749603 HTTP/1.1" 200 -
127.0.0.1 - - [25/Aug/2026 11:35:16] "GET /api/trend?aid=117134831126411 HTTP/1.1" 200 -
127.0.0.1 - - [25/Aug/2026 11:35:17] "GET /api/realtime?aid=117134831126411&cid=41140749603 HTTP/1.1" 200 -
127.0.0.1 - - [25/Aug/2026 11:35:46] "GET /api/trend?aid=117134831126411 HTTP/1.1" 200 -
127.0.0.1 - - [25/Aug/2026 11:35:47] "GET /api/realtime?aid=117134831126411&cid=41140749603 HTTP/1.1" 200 -
127.0.0.1 - - [25/Aug/2026 11:36:16] "GET /api/trend?aid=117134831126411 HTTP/1.1" 200 -
127.0.0.1 - - [25/Aug/2026 11:36:17] "GET /api/realtime?aid=117134831126411&cid=41140749603 HTTP/1.1" 200 -
127.0.0.1 - - [25/Aug/2026 11:36:46] "GET /api/trend?aid=117134831126411 HTTP/1.1" 200 -
127.0.0.1 - - [25/Aug/2026 11:36:47] "GET /api/realtime?aid=117134831126411&cid=41140749603 HTTP/1.1" 200 -
127.0.0.1 - - [25/Aug/2026 11:37:16] "GET /api/trend?aid=117134831126411 HTTP/1.1" 200 -
127.0.0.1 - - [25/Aug/2026 11:37:17] "GET /api/realtime?aid=117134831126411&cid=41140749603 HTTP/1.1" 200 -
127.0.0.1 - - [25/Aug/2026 11:37:46] "GET /api/trend?aid=117134831126411 HTTP/1.1" 200 -
127.0.0.1 - - [25/Aug/2026 11:37:47] "GET /api/realtime?aid=117134831126411&cid=41140749603 HTTP/1.1" 200 -
127.0.0.1 - - [25/Aug/2026 11:38:16] "GET /api/trend?aid=117134831126411 HTTP/1.1" 200 -
127.0.0.1 - - [25/Aug/2026 11:38:17] "GET /api/realtime?aid=117134831126411&cid=41140749603 HTTP/1.1" 200 -
127.0.0.1 - - [25/Aug/2026 12:04:21] "GET /api/trend?aid=117134831126411 HTTP/1.1" 200 -
127.0.0.1 - - [25/Aug/2026 12:04:21] "GET /api/realtime?aid=117134831126411&cid=41140749603 HTTP/1.1" 200 -
127.0.0.1 - - [25/Aug/2026 12:04:46] "GET /api/trend?aid=117134831126411 HTTP/1.1" 200 -
[2026-08-25 12:04:47,894] ERROR in app: Exception on /api/realtime [GET]
Traceback (most recent call last):
  File "C:\Users\PC\AppData\Roaming\Python\Python314\site-packages\flask\app.py", line 1455, in wsgi_app
    response = self.full_dispatch_request()
  File "C:\Users\PC\AppData\Roaming\Python\Python314\site-packages\flask\app.py", line 869, in full_dispatch_request
    rv = self.handle_user_exception(e)
  File "C:\Users\PC\AppData\Roaming\Python\Python314\site-packages\flask\app.py", line 867, in full_dispatch_request
    rv = self.dispatch_request()
  File "C:\Users\PC\AppData\Roaming\Python\Python314\site-packages\flask\app.py", line 852, in dispatch_request
    return self.ensure_sync(self.view_functions[rule.endpoint])(**view_args)
           ~~~~~~~~~~~~~~~~~~~~~~~~~~~~~~~~~~~~~~~~~~~~~~~~~~~~^^^^^^^^^^^^^
  File "E:\test_claude\fanren_monitor\app.py", line 102, in get_realtime
    count = int(result.get("data", {}).get("total", 0))
ValueError: invalid literal for int() with base 10: '1000+'
127.0.0.1 - - [25/Aug/2026 12:04:47] "GET /api/realtime?aid=117134831126411&cid=41140749603 HTTP/1.1" 500 -
127.0.0.1 - - [25/Aug/2026 12:05:16] "GET /api/trend?aid=117134831126411 HTTP/1.1" 200 -
[2026-08-25 12:05:16,856] ERROR in app: Exception on /api/realtime [GET]
Traceback (most recent call last):
  File "C:\Users\PC\AppData\Roaming\Python\Python314\site-packages\flask\app.py", line 1455, in wsgi_app
    response = self.full_dispatch_request()
  File "C:\Users\PC\AppData\Roaming\Python\Python314\site-packages\flask\app.py", line 869, in full_dispatch_request
    rv = self.handle_user_exception(e)
  File "C:\Users\PC\AppData\Roaming\Python\Python314\site-packages\flask\app.py", line 867, in full_dispatch_request
    rv = self.dispatch_request()
  File "C:\Users\PC\AppData\Roaming\Python\Python314\site-packages\flask\app.py", line 852, in dispatch_request
    return self.ensure_sync(self.view_functions[rule.endpoint])(**view_args)
           ~~~~~~~~~~~~~~~~~~~~~~~~~~~~~~~~~~~~~~~~~~~~~~~~~~~~^^^^^^^^^^^^^
  File "E:\test_claude\fanren_monitor\app.py", line 102, in get_realtime
    count = int(result.get("data", {}).get("total", 0))
ValueError: invalid literal for int() with base 10: '1000+'
127.0.0.1 - - [25/Aug/2026 12:05:16] "GET /api/realtime?aid=117134831126411&cid=41140749603 HTTP/1.1" 500 -
127.0.0.1 - - [25/Aug/2026 12:05:46] "GET /api/trend?aid=117134831126411 HTTP/1.1" 200 -
[2026-08-25 12:05:46,831] ERROR in app: Exception on /api/realtime [GET]
Traceback (most recent call last):
  File "C:\Users\PC\AppData\Roaming\Python\Python314\site-packages\flask\app.py", line 1455, in wsgi_app
    response = self.full_dispatch_request()
  File "C:\Users\PC\AppData\Roaming\Python\Python314\site-packages\flask\app.py", line 869, in full_dispatch_request
    rv = self.handle_user_exception(e)
  File "C:\Users\PC\AppData\Roaming\Python\Python314\site-packages\flask\app.py", line 867, in full_dispatch_request
    rv = self.dispatch_request()
  File "C:\Users\PC\AppData\Roaming\Python\Python314\site-packages\flask\app.py", line 852, in dispatch_request
    return self.ensure_sync(self.view_functions[rule.endpoint])(**view_args)
           ~~~~~~~~~~~~~~~~~~~~~~~~~~~~~~~~~~~~~~~~~~~~~~~~~~~~^^^^^^^^^^^^^
  File "E:\test_claude\fanren_monitor\app.py", line 102, in get_realtime
    count = int(result.get("data", {}).get("total", 0))
ValueError: invalid literal for int() with base 10: '1000+'
127.0.0.1 - - [25/Aug/2026 12:05:46] "GET /api/realtime?aid=117134831126411&cid=41140749603 HTTP/1.1" 500 -
127.0.0.1 - - [25/Aug/2026 12:06:16] "GET /api/trend?aid=117134831126411 HTTP/1.1" 200 -
[2026-08-25 12:06:16,848] ERROR in app: Exception on /api/realtime [GET]
Traceback (most recent call last):
  File "C:\Users\PC\AppData\Roaming\Python\Python314\site-packages\flask\app.py", line 1455, in wsgi_app
    response = self.full_dispatch_request()
  File "C:\Users\PC\AppData\Roaming\Python\Python314\site-packages\flask\app.py", line 869, in full_dispatch_request
    rv = self.handle_user_exception(e)
  File "C:\Users\PC\AppData\Roaming\Python\Python314\site-packages\flask\app.py", line 867, in full_dispatch_request
    rv = self.dispatch_request()
  File "C:\Users\PC\AppData\Roaming\Python\Python314\site-packages\flask\app.py", line 852, in dispatch_request
    return self.ensure_sync(self.view_functions[rule.endpoint])(**view_args)
           ~~~~~~~~~~~~~~~~~~~~~~~~~~~~~~~~~~~~~~~~~~~~~~~~~~~~^^^^^^^^^^^^^
  File "E:\test_claude\fanren_monitor\app.py", line 102, in get_realtime
    count = int(result.get("data", {}).get("total", 0))
ValueError: invalid literal for int() with base 10: '1000+'
127.0.0.1 - - [25/Aug/2026 12:06:16] "GET /api/realtime?aid=117134831126411&cid=41140749603 HTTP/1.1" 500 -
127.0.0.1 - - [25/Aug/2026 12:06:46] "GET /api/trend?aid=117134831126411 HTTP/1.1" 200 -
[2026-08-25 12:06:46,828] ERROR in app: Exception on /api/realtime [GET]
Traceback (most recent call last):
  File "C:\Users\PC\AppData\Roaming\Python\Python314\site-packages\flask\app.py", line 1455, in wsgi_app
    response = self.full_dispatch_request()
  File "C:\Users\PC\AppData\Roaming\Python\Python314\site-packages\flask\app.py", line 869, in full_dispatch_request
    rv = self.handle_user_exception(e)
  File "C:\Users\PC\AppData\Roaming\Python\Python314\site-packages\flask\app.py", line 867, in full_dispatch_request
    rv = self.dispatch_request()
  File "C:\Users\PC\AppData\Roaming\Python\Python314\site-packages\flask\app.py", line 852, in dispatch_request
    return self.ensure_sync(self.view_functions[rule.endpoint])(**view_args)
           ~~~~~~~~~~~~~~~~~~~~~~~~~~~~~~~~~~~~~~~~~~~~~~~~~~~~^^^^^^^^^^^^^
  File "E:\test_claude\fanren_monitor\app.py", line 102, in get_realtime
    count = int(result.get("data", {}).get("total", 0))
ValueError: invalid literal for int() with base 10: '1000+'
127.0.0.1 - - [25/Aug/2026 12:06:46] "GET /api/realtime?aid=117134831126411&cid=41140749603 HTTP/1.1" 500 -
127.0.0.1 - - [25/Aug/2026 12:07:16] "GET /api/trend?aid=117134831126411 HTTP/1.1" 200 -
[2026-08-25 12:07:16,853] ERROR in app: Exception on /api/realtime [GET]
Traceback (most recent call last):
  File "C:\Users\PC\AppData\Roaming\Python\Python314\site-packages\flask\app.py", line 1455, in wsgi_app
    response = self.full_dispatch_request()
  File "C:\Users\PC\AppData\Roaming\Python\Python314\site-packages\flask\app.py", line 869, in full_dispatch_request
    rv = self.handle_user_exception(e)
  File "C:\Users\PC\AppData\Roaming\Python\Python314\site-packages\flask\app.py", line 867, in full_dispatch_request
    rv = self.dispatch_request()
  File "C:\Users\PC\AppData\Roaming\Python\Python314\site-packages\flask\app.py", line 852, in dispatch_request
    return self.ensure_sync(self.view_functions[rule.endpoint])(**view_args)
           ~~~~~~~~~~~~~~~~~~~~~~~~~~~~~~~~~~~~~~~~~~~~~~~~~~~~^^^^^^^^^^^^^
  File "E:\test_claude\fanren_monitor\app.py", line 102, in get_realtime
    count = int(result.get("data", {}).get("total", 0))
ValueError: invalid literal for int() with base 10: '1000+'
127.0.0.1 - - [25/Aug/2026 12:07:16] "GET /api/realtime?aid=117134831126411&cid=41140749603 HTTP/1.1" 500 -
127.0.0.1 - - [25/Aug/2026 12:07:46] "GET /api/trend?aid=117134831126411 HTTP/1.1" 200 -
[2026-08-25 12:07:46,855] ERROR in app: Exception on /api/realtime [GET]
Traceback (most recent call last):
  File "C:\Users\PC\AppData\Roaming\Python\Python314\site-packages\flask\app.py", line 1455, in wsgi_app
    response = self.full_dispatch_request()
  File "C:\Users\PC\AppData\Roaming\Python\Python314\site-packages\flask\app.py", line 869, in full_dispatch_request
    rv = self.handle_user_exception(e)
  File "C:\Users\PC\AppData\Roaming\Python\Python314\site-packages\flask\app.py", line 867, in full_dispatch_request
    rv = self.dispatch_request()
  File "C:\Users\PC\AppData\Roaming\Python\Python314\site-packages\flask\app.py", line 852, in dispatch_request
    return self.ensure_sync(self.view_functions[rule.endpoint])(**view_args)
           ~~~~~~~~~~~~~~~~~~~~~~~~~~~~~~~~~~~~~~~~~~~~~~~~~~~~^^^^^^^^^^^^^
  File "E:\test_claude\fanren_monitor\app.py", line 102, in get_realtime
    cached, hit = store.get(key)
            ^^^^^^^^^^^^^^^^^^^^
ValueError: invalid literal for int() with base 10: '1000+'
127.0.0.1 - - [25/Aug/2026 12:07:46] "GET /api/realtime?aid=117134831126411&cid=41140749603 HTTP/1.1" 500 -
127.0.0.1 - - [25/Aug/2026 12:08:16] "GET /api/trend?aid=117134831126411 HTTP/1.1" 200 -
[2026-08-25 12:08:16,841] ERROR in app: Exception on /api/realtime [GET]
Traceback (most recent call last):
  File "C:\Users\PC\AppData\Roaming\Python\Python314\site-packages\flask\app.py", line 1455, in wsgi_app
    response = self.full_dispatch_request()
  File "C:\Users\PC\AppData\Roaming\Python\Python314\site-packages\flask\app.py", line 869, in full_dispatch_request
    rv = self.handle_user_exception(e)
  File "C:\Users\PC\AppData\Roaming\Python\Python314\site-packages\flask\app.py", line 867, in full_dispatch_request
    rv = self.dispatch_request()
  File "C:\Users\PC\AppData\Roaming\Python\Python314\site-packages\flask\app.py", line 852, in dispatch_request
    return self.ensure_sync(self.view_functions[rule.endpoint])(**view_args)
           ~~~~~~~~~~~~~~~~~~~~~~~~~~~~~~~~~~~~~~~~~~~~~~~~~~~~^^^^^^^^^^^^^
  File "E:\test_claude\fanren_monitor\app.py", line 102, in get_realtime
    cached, hit = store.get(key)
            ^^^^^^^^^^^^^^^^^^^^
ValueError: invalid literal for int() with base 10: '1000+'
127.0.0.1 - - [25/Aug/2026 12:08:16] "GET /api/realtime?aid=117134831126411&cid=41140749603 HTTP/1.1" 500 -
